First Name,Last Name,Gender,Birthdate,Age,Email,Phone,City,State,Country,Bib Number
Darcee,Pellew,Female,7/20/2025,34,dpellew0@nps.gov,469-546-8936,Arjasari,,Indonesia,401
Antoine,Davidovits,Male,2/15/2025,21,adavidovits1@cargocollective.com,602-113-9098,Mae Fa Luang,,Thailand,348
Thaxter,Polsin,Male,3/28/2025,90,tpolsin2@is.gd,242-611-2072,Uście Gorlickie,,Poland,188
Gavra,Pointon,Female,4/29/2025,56,gpointon3@mozilla.org,887-498-9164,Aracati,,Brazil,264
Leonore,Forson,Female,5/28/2025,53,lforson4@ezinearticles.com,977-157-2290,Baopukang,,Indonesia,486
Verney,Roydon,Genderfluid,5/26/2025,47,vroydon5@youku.com,243-757-5323,Wushi,,China,408
Kathryn,Cordrey,Female,2/7/2025,22,kcordrey6@reddit.com,156-234-9215,Thị Trấn Quế,,Vietnam,460
Harrie,Bleasdale,Female,1/3/2025,20,hbleasdale7@netvibes.com,115-785-1217,Rohia,,Tunisia,103
Lorelei,Coronas,Female,5/2/2025,82,lcoronas8@weebly.com,538-449-8133,Yunyang,,China,18
Francesco,Poytress,Male,4/10/2025,58,fpoytress9@sfgate.com,447-657-4234,Changxuanling,,China,67
Roley,Maris,Male,7/24/2025,66,rmarisa@blog.com,490-618-5842,Banjar Madangan Kaja,,Indonesia,352
Bendix,Kenneford,Genderqueer,2/7/2025,91,bkennefordb@marketwatch.com,930-931-9922,Sibreh,,Indonesia,44
Libbi,Rauprich,Female,8/19/2025,55,lrauprichc@addtoany.com,321-968-0977,General Levalle,,Argentina,357
Sybil,O'Dowgaine,Female,3/3/2025,31,sodowgained@un.org,175-921-6726,Bonao,,Dominican Republic,419
Emelyne,Overal,Female,6/28/2025,28,eoverale@sina.com.cn,681-513-6067,Cape Town,,South Africa,32
Orella,Barthot,Female,5/13/2025,62,obarthotf@yandex.ru,994-792-1305,Lewograran,,Indonesia,363
Theo,Gowling,Male,11/21/2024,62,tgowlingg@tripod.com,470-546-1760,Rio Verde de Mato Grosso,,Brazil,259
Burnard,Stubbins,Male,12/12/2024,35,bstubbinsh@desdev.cn,329-281-0941,Fangcun,,China,358
Nicoline,Baudin,Female,6/13/2025,94,nbaudini@disqus.com,301-372-5519,Aygestan,,Armenia,204
Alfons,Dudny,Agender,12/28/2024,78,adudnyj@wix.com,677-747-9302,Jardín América,,Argentina,182
Eleni,Gladwish,Female,1/13/2025,90,egladwishk@businessweek.com,493-135-3991,Grzęska,,Poland,48
Susanetta,Aguirre,Female,9/17/2024,49,saguirrel@cmu.edu,959-506-1455,Dikhil,,Djibouti,278
Finley,Hamsley,Male,2/8/2025,92,fhamsleym@example.com,238-560-5658,Volta Redonda,,Brazil,351
Lanita,Roder,Female,9/9/2024,29,lrodern@delicious.com,850-394-8323,Darungan Lor,,Indonesia,58
Wendie,Aitchinson,Female,9/5/2024,63,waitchinsono@unc.edu,524-124-8489,Yuta,,Palestinian Territory,103
De witt,Carrick,Polygender,3/18/2025,30,dcarrickp@yandex.ru,663-555-9841,Dayanggezhuang,,China,69
Cloris,Murra,Female,1/30/2025,70,cmurraq@theguardian.com,635-485-7387,Chiclayo,,Peru,50
Farley,Luther,Male,1/16/2025,85,flutherr@netlog.com,558-735-8160,Buchanan,,Liberia,121
Toby,Cotmore,Male,4/1/2025,88,tcotmores@intel.com,947-671-2871,El Rosario,,El Salvador,166
Tiffie,Hainey`,Female,9/9/2024,91,thaineyt@illinois.edu,374-237-4704,Nishishinminato,,Japan,388
Corina,Davidson,Female,2/26/2025,83,cdavidsonu@pbs.org,974-656-7563,Haozigang,,China,80
Saba,Aronovich,Female,7/20/2025,37,saronovichv@google.co.jp,682-111-3834,Hullo,,Estonia,54
Karissa,Gerriets,Female,10/5/2024,87,kgerrietsw@addthis.com,969-117-6725,Novogurovskiy,,Russia,230
Zenia,Boakes,Genderfluid,12/25/2024,76,zboakesx@edublogs.org,679-730-7124,Rembes,,Indonesia,175
Evelyn,Shann,Male,11/27/2024,57,eshanny@eventbrite.com,223-983-0616,Yakymivka,,Ukraine,227
Elsworth,Shrigley,Male,4/1/2025,26,eshrigleyz@paypal.com,256-257-3076,Bekwai,,Ghana,163
Danny,Baraja,Male,7/6/2025,69,dbaraja10@ftc.gov,305-417-8390,Pimbalayan,,Philippines,89
Tyrone,Thomazet,Male,1/5/2025,99,tthomazet11@nifty.com,389-708-8021,Kanazawa-shi,,Japan,169
Care,Augustus,Male,12/9/2024,69,caugustus12@creativecommons.org,275-220-9363,Governador Valadares,,Brazil,440
Tiffy,Le Noire,Female,11/24/2024,21,tlenoire13@hostgator.com,674-783-8254,Talagasari,,Indonesia,314
Karissa,Gadault,Female,3/26/2025,63,kgadault14@umich.edu,247-696-3723,Usol’ye,,Russia,232
Odetta,Bainton,Non-binary,7/14/2025,78,obainton15@dion.ne.jp,979-140-7036,Pulau Pinang,Pulau Pinang,Malaysia,261
Davita,Regis,Agender,12/14/2024,62,dregis16@rakuten.co.jp,886-683-5786,Tongzi,,China,242
Trescha,Alderwick,Female,10/23/2024,87,talderwick17@home.pl,512-299-8755,Dar Chabanne,,Tunisia,299
Truman,Minard,Male,7/12/2025,47,tminard18@mlb.com,711-374-1668,Itō,,Japan,94
Carena,Phebee,Female,6/26/2025,60,cphebee19@usnews.com,183-505-1252,Nogueira,Porto,Portugal,496
Maura,Isack,Female,1/2/2025,60,misack1a@si.edu,835-315-2661,Sanzao,,China,389
Frederic,Glacken,Male,7/15/2025,53,fglacken1b@businessinsider.com,649-850-0991,Ciechocin,,Poland,321
Tiffie,Bramstom,Female,12/15/2024,55,tbramstom1c@ning.com,832-632-0694,Jiangxigou,,China,446
Reinald,Woodhall,Bigender,4/12/2025,19,rwoodhall1d@people.com.cn,665-801-9059,Coasa,,Peru,240
Kaja,Pickburn,Female,5/31/2025,53,kpickburn1e@google.com,525-675-4523,Shadui,,China,34
Laurie,Alpes,Male,8/19/2025,52,lalpes1f@cam.ac.uk,655-521-1426,Oslo,Oslo,Norway,126
Eb,Dinnies,Male,2/19/2025,56,edinnies1g@mediafire.com,209-408-9587,Baita,,China,277
Farlie,Guichard,Male,9/19/2024,38,fguichard1h@uiuc.edu,228-203-8924,Ḩadīdah,,Syria,152
Hodge,Easseby,Male,4/25/2025,42,heasseby1i@virginia.edu,660-346-2463,Trunovskoye,,Russia,290
Hazel,Cisneros,Male,12/13/2024,71,hcisneros1j@google.de,744-903-7588,Qingzhou,,China,161
Haily,O'Hallihane,Male,7/8/2025,59,hohallihane1k@google.cn,232-193-6306,Mozelos,Aveiro,Portugal,381
Blane,Eyer,Male,4/28/2025,23,beyer1l@livejournal.com,629-275-3571,Point Pedro,,Sri Lanka,415
Sherri,Matz,Female,1/17/2025,93,smatz1m@upenn.edu,719-362-4739,Rozhdestveno,,Russia,186
Hamnet,Hammon,Male,9/16/2024,35,hhammon1n@usda.gov,327-774-4919,Dushanbe,,Tajikistan,376
Robert,Shearston,Male,7/27/2025,28,rshearston1o@whitehouse.gov,307-162-5986,Polýkastro,,Greece,449
Chrisse,Torre,Male,7/4/2025,71,ctorre1p@cloudflare.com,777-678-7712,Namora,,Peru,151
Yolane,Justham,Female,12/12/2024,36,yjustham1q@zdnet.com,732-209-4970,Bom Jesus dos Perdões,,Brazil,233
Eric,Jandac,Male,6/27/2025,54,ejandac1r@ucoz.com,374-155-2805,Mengjia,,China,479
Pip,Reye,Male,4/7/2025,23,preye1s@geocities.com,278-757-5936,Linshi,,China,169
Gasparo,Scorrer,Male,11/5/2024,62,gscorrer1t@cornell.edu,100-553-9563,Xia Dawo,,China,93
Dewie,Perritt,Male,6/3/2025,61,dperritt1u@discovery.com,604-662-4736,Dobřany,,Czech Republic,339
Paton,Stearndale,Male,10/6/2024,64,pstearndale1v@wisc.edu,494-168-8201,Akouda,,Tunisia,451
Celle,Feaviour,Female,5/3/2025,32,cfeaviour1w@stanford.edu,583-641-8160,Oguma,,Nigeria,500
Merrie,Hallowell,Female,4/20/2025,83,mhallowell1x@nbcnews.com,808-279-9118,Pato Branco,,Brazil,296
Alonso,Bridger,Male,11/20/2024,48,abridger1y@digg.com,584-125-7465,San Isidro,,Philippines,212
Verina,Cammocke,Female,6/22/2025,66,vcammocke1z@nih.gov,168-826-0981,Stamboliyski,,Bulgaria,414
Lexy,Noblet,Female,9/7/2024,53,lnoblet20@pagesperso-orange.fr,627-834-6384,Bulog,,Philippines,17
Rickard,Sorby,Bigender,1/31/2025,21,rsorby21@oracle.com,126-702-3023,Kolomyagi,,Russia,361
Stacy,Jasiak,Female,3/1/2025,22,sjasiak22@nature.com,512-888-6530,Guali,,China,418
Mead,Hasling,Female,1/15/2025,55,mhasling23@vimeo.com,792-297-0398,Cahabón,,Guatemala,231
Katya,Beazey,Female,6/1/2025,83,kbeazey24@mapy.cz,223-558-6345,Haninge,Stockholm,Sweden,265
Edvard,Lafrentz,Male,12/9/2024,41,elafrentz25@apache.org,555-388-2865,Ribeirão,,Brazil,66
Annie,Haggleton,Female,11/25/2024,86,ahaggleton26@weather.com,931-373-2981,Comitancillo,,Guatemala,112
Ronnie,Kaas,Female,12/1/2024,33,rkaas27@prlog.org,140-574-2062,Aasiaat,,Greenland,379
Collete,Almon,Female,6/5/2025,55,calmon28@time.com,246-747-8057,Luodian,,China,367
Wilburt,Najara,Male,10/21/2024,73,wnajara29@artisteer.com,279-133-9709,Teupasenti,,Honduras,130
Loella,Longden,Female,7/11/2025,68,llongden2a@wufoo.com,466-718-0613,Bosaso,,Somalia,150
Elsa,Briant,Female,1/1/2025,78,ebriant2b@dyndns.org,665-186-3609,Burnaby,British Columbia,Canada,381
Ethelbert,Bearcock,Male,10/2/2024,21,ebearcock2c@disqus.com,965-864-9065,Bielsk Podlaski,,Poland,310
Albrecht,Gotts,Male,10/10/2024,50,agotts2d@merriam-webster.com,770-895-8763,Vitim,,Russia,147
Karita,Rittmeier,Female,8/7/2025,55,krittmeier2e@elpais.com,296-155-1626,El Carmen,,Argentina,180
Drusie,Pimme,Female,6/6/2025,78,dpimme2f@nytimes.com,525-548-3928,Coronel Martínez,,Paraguay,436
Gates,Butterworth,Female,10/18/2024,77,gbutterworth2g@free.fr,747-715-3230,Tagawa,,Japan,221
Meryl,Fetter,Male,8/25/2025,69,mfetter2h@forbes.com,844-957-5374,Qiting,,China,148
Batholomew,Cattach,Male,1/10/2025,79,bcattach2i@thetimes.co.uk,374-486-2708,Dayang,,China,14
Baxter,Brushneen,Male,3/20/2025,95,bbrushneen2j@youtu.be,825-183-2779,Rangxi,,China,368
Christy,Dorgan,Male,11/3/2024,66,cdorgan2k@marketwatch.com,828-758-4555,Sijiqing,,China,305
Cobbie,Disbrey,Male,8/8/2025,53,cdisbrey2l@google.ru,340-875-9384,Abonnema,,Nigeria,499
Neils,Bloom,Male,6/18/2025,62,nbloom2m@discuz.net,155-418-7754,Novopokrovka,,Ukraine,146
Maximo,Cordeau],Male,6/5/2025,63,mcordeau2n@desdev.cn,736-758-9238,Paloh,,Indonesia,144
Gerrie,Tiltman,Female,2/16/2025,81,gtiltman2o@accuweather.com,697-499-9240,Minji,,China,449
Lizzy,Von Welldun,Female,10/25/2024,56,lvonwelldun2p@mediafire.com,109-838-6852,Barlinek,,Poland,268
Nanette,Sturley,Female,3/7/2025,66,nsturley2q@multiply.com,723-543-2193,Qīr,,Iran,45
Kristan,Winslow,Female,2/13/2025,55,kwinslow2r@shop-pro.jp,733-201-7791,Itapaci,,Brazil,384
Victor,Beach,Male,8/24/2025,73,vbeach2s@ftc.gov,798-387-6469,Sasebo,,Japan,410
Keslie,Sawfoot,Female,10/26/2024,81,ksawfoot2t@usgs.gov,880-226-4046,Merapit,,Indonesia,198
Johnathon,Seiffert,Male,9/13/2024,84,jseiffert2u@ifeng.com,672-635-4694,Yunxi,,China,486
Haily,Rimour,Male,8/10/2025,70,hrimour2v@w3.org,722-103-3083,Garibaldi,,Brazil,301
Nichole,Blackborough,Female,5/19/2025,75,nblackborough2w@home.pl,229-606-1182,Rizári,,Greece,401
Prinz,Kitchen,Male,3/29/2025,71,pkitchen2x@so-net.ne.jp,221-615-6011,Roshal’,,Russia,236
Dierdre,Addis,Non-binary,8/25/2025,77,daddis2y@google.de,779-821-0588,Novozybkov,,Russia,262
Bethina,Tommis,Female,3/3/2025,45,btommis2z@yelp.com,706-558-2570,Le Raincy,Île-de-France,France,21
Packston,Sherville,Male,3/24/2025,62,psherville30@twitter.com,757-532-8018,Newport News,Virginia,United States,295
Jordana,Kirman,Female,2/11/2025,68,jkirman31@blog.com,615-448-9940,Rîbniţa,,Moldova,403
Allistir,Lundbech,Male,1/22/2025,69,alundbech32@indiatimes.com,274-543-9873,Zhaocun,,China,445
Elvina,Lodin,Genderfluid,6/14/2025,74,elodin33@pagesperso-orange.fr,453-650-8174,Campo Grande,,Brazil,384
Doti,Simoens,Female,5/24/2025,33,dsimoens34@bbc.co.uk,782-423-7079,Huatanshan,,China,295
Lauren,Culp,Female,8/31/2025,82,lculp35@51.la,798-885-5756,Vukatanë,,Albania,205
Madelyn,Costerd,Female,6/24/2025,84,mcosterd36@desdev.cn,334-860-6466,Māmūnīyeh,,Iran,186
Jacobo,Wiz,Male,4/10/2025,49,jwiz37@unblog.fr,508-968-9226,Shijak,,Albania,75
Isidore,Curryer,Male,6/23/2025,33,icurryer38@google.cn,956-866-4890,Suqiaoxiang,,China,349
Nicolai,Trowel,Male,11/22/2024,89,ntrowel39@goodreads.com,456-289-2630,Huangshi,,China,297
Simone,O'Gleasane,Female,8/8/2025,74,sogleasane3a@admin.ch,574-372-7582,Feni,,Bangladesh,454
Jeniffer,Ezzell,Female,11/18/2024,66,jezzell3b@networkadvertising.org,921-751-5621,Río Segundo,,Argentina,162
Talia,Scarlon,Female,9/14/2024,51,tscarlon3c@hhs.gov,437-705-4502,Ronneby,Blekinge,Sweden,442
Alasdair,Geelan,Male,10/6/2024,76,ageelan3d@prnewswire.com,474-929-2134,Santa Luzia,,Brazil,324
Izak,Nussen,Male,8/25/2025,40,inussen3e@narod.ru,428-999-3035,Chinhoyi,,Zimbabwe,120
Cicely,Savage,Female,6/22/2025,76,csavage3f@si.edu,413-879-0197,Krajan Satu,,Indonesia,53
Jennica,Laphorn,Female,6/29/2025,40,jlaphorn3g@over-blog.com,281-964-3629,Yala,,Thailand,198
Vitoria,Germaine,Female,6/3/2025,95,vgermaine3h@dmoz.org,449-433-4199,Santa Cruz,,Honduras,174
Analise,Olivelli,Female,12/27/2024,43,aolivelli3i@bbb.org,433-805-4945,Concord,Ontario,Canada,243
Hewie,Bousfield,Male,6/17/2025,70,hbousfield3j@dell.com,741-118-6302,Jinshan,,China,378
Niels,Sheridan,Male,6/23/2025,45,nsheridan3k@goodreads.com,615-303-6818,Ponggok,,Indonesia,498
Denyse,Toor,Female,4/15/2025,58,dtoor3l@ovh.net,494-728-7279,Huanghu,,China,139
Odelia,De Souza,Female,3/28/2025,60,odesouza3m@mapy.cz,862-473-2541,Xi’an,,China,261
Bordy,Thunderchief,Male,2/19/2025,79,bthunderchief3n@earthlink.net,890-775-3018,Silca,,Honduras,72
Ulrick,Nunns,Male,1/28/2025,19,ununns3o@w3.org,818-867-3658,Kresna,,Bulgaria,36
Veriee,Josebury,Female,10/23/2024,57,vjosebury3p@cmu.edu,845-387-9581,Chinú,,Colombia,287
Briant,Dellatorre,Male,4/2/2025,25,bdellatorre3q@apple.com,692-113-1508,Czarna,,Poland,257
Hermann,Starmore,Male,1/15/2025,52,hstarmore3r@theatlantic.com,339-270-0110,Makapanstad,,South Africa,102
Cass,Botger,Male,8/24/2025,91,cbotger3s@indiatimes.com,732-130-9481,Igede-Ekiti,,Nigeria,452
Kingsley,Naisbitt,Male,7/28/2025,49,knaisbitt3t@npr.org,679-387-3396,San Isidro de Lules,,Argentina,353
Audy,Edington,Female,9/12/2024,72,aedington3u@ebay.co.uk,384-203-6159,Aubagne,Provence-Alpes-Côte d'Azur,France,198
Dalt,Simononsky,Male,8/22/2025,98,dsimononsky3v@adobe.com,383-126-3169,Santa Cruz,,Honduras,412
Lazaro,Glenn,Male,2/16/2025,77,lglenn3w@gravatar.com,906-555-2246,Hobo,,Colombia,28
Kalle,Medway,Male,12/30/2024,34,kmedway3x@creativecommons.org,564-494-9605,Huayuan,,China,423
Evita,Pavel,Bigender,10/19/2024,40,epavel3y@skyrock.com,163-647-8387,Tutul,,Indonesia,465
Marion,Crew,Female,4/3/2025,43,mcrew3z@wiley.com,957-615-8668,El Viejo,,Nicaragua,46
Peggi,Stickney,Genderqueer,4/1/2025,54,pstickney40@epa.gov,148-343-7900,Waipawa,,New Zealand,403
Kylynn,Sundin,Female,11/11/2024,84,ksundin41@prnewswire.com,202-412-0527,Isakly,,Russia,78
Madelena,Paulon,Female,11/19/2024,63,mpaulon42@ftc.gov,965-180-2848,Tambaksari,,Indonesia,431
Elsbeth,Rembaud,Bigender,9/30/2024,29,erembaud43@ox.ac.uk,378-639-2741,Chengzhai,,China,293
Berenice,Mallindine,Non-binary,10/15/2024,87,bmallindine44@google.es,204-265-8438,Tuanalepe,,Indonesia,9
Daisi,Zorzetti,Female,8/19/2025,38,dzorzetti45@ebay.co.uk,817-221-6795,Cortes,,Philippines,192
Lyn,Balassi,Female,7/8/2025,62,lbalassi46@360.cn,266-983-6252,Kuchurhan,,Ukraine,387
Tim,Meckiff,Bigender,7/10/2025,49,tmeckiff47@harvard.edu,795-821-1173,Iraquara,,Brazil,191
Orville,Lyes,Male,12/6/2024,41,olyes48@amazon.co.uk,210-753-5043,Prilep,,Kosovo,320
Jedidiah,Mallard,Male,6/15/2025,96,jmallard49@dell.com,601-927-7818,Ketanggungan,,Indonesia,223
Bertine,Douberday,Female,8/29/2025,23,bdouberday4a@jigsy.com,555-157-1092,Mānānwāla,,Pakistan,257
Clyve,Bailess,Male,10/28/2024,94,cbailess4b@google.com,782-827-4129,Viejo Daan Banua,,Philippines,29
Dusty,Leach,Female,3/5/2025,32,dleach4c@earthlink.net,466-913-0165,Belyayevka,,Russia,311
Etienne,Garber,Male,3/11/2025,76,egarber4d@answers.com,440-739-7843,Przemęt,,Poland,196
Jard,Skinner,Male,11/5/2024,48,jskinner4e@sohu.com,228-892-8243,Caledon,,South Africa,374
Francine,Brocklebank,Female,6/29/2025,49,fbrocklebank4f@illinois.edu,723-152-9871,Martanesh,,Albania,109
Gaylor,Gabitis,Agender,7/27/2025,18,ggabitis4g@huffingtonpost.com,314-533-3504,Shuangquan,,China,197
Stormy,Loverock,Female,9/9/2024,45,sloverock4h@cyberchimps.com,774-476-9717,Chitagá,,Colombia,239
Teodorico,Braban,Male,2/19/2025,61,tbraban4i@sciencedirect.com,765-518-1475,Yamada,,Japan,249
Electra,Hasling,Female,6/22/2025,63,ehasling4j@istockphoto.com,399-554-2088,Rabah,,Nigeria,248
Graeme,Di Roberto,Agender,6/24/2025,82,gdiroberto4k@domainmarket.com,588-845-6179,Andongsari,,Indonesia,233
Dorolisa,Mackett,Female,5/13/2025,73,dmackett4l@digg.com,157-191-7075,Masindi,,Uganda,21
Amory,Roth,Male,3/5/2025,41,aroth4m@jalbum.net,104-566-5384,Al Jawādīyah,,Syria,248
Devin,Whetton,Male,12/9/2024,44,dwhetton4n@i2i.jp,960-190-2994,Skeldon,,Guyana,136
Andromache,MacPhee,Female,1/28/2025,52,amacphee4o@soundcloud.com,421-802-7303,Tortosendo,Castelo Branco,Portugal,500
Frank,Tunney,Genderqueer,2/26/2025,74,ftunney4p@shareasale.com,823-531-0645,Bangunsari,,Indonesia,433
Freida,Sappy,Female,6/14/2025,28,fsappy4q@cargocollective.com,729-807-4631,Citeureup,,Indonesia,360
Arden,Nevitt,Female,4/19/2025,30,anevitt4r@sun.com,603-434-2718,San Jorge,,Nicaragua,151
Judah,Wybrow,Male,7/22/2025,47,jwybrow4s@businessweek.com,481-793-5045,Seia,Guarda,Portugal,129
Brunhilda,Kyteley,Female,6/9/2025,97,bkyteley4t@artisteer.com,492-608-6629,Utrecht,,South Africa,458
Saundra,Khalid,Male,8/11/2025,61,skhalid4u@nymag.com,659-969-9706,Mosquera,,Colombia,297
Phaedra,Matessian,Female,12/1/2024,48,pmatessian4v@unblog.fr,884-674-4184,Volta Redonda,,Brazil,338
Wilhelmina,Prewer,Female,11/28/2024,64,wprewer4w@netvibes.com,491-716-5053,Xincheng,,China,7
Gunner,Delacoste,Male,6/19/2025,36,gdelacoste4x@g.co,732-771-4095,Nemyriv,,Ukraine,63
Maryjo,Garley,Female,11/28/2024,99,mgarley4y@nasa.gov,838-629-3812,Meringkik,,Indonesia,166
Cate,Thurlbourne,Female,6/19/2025,60,cthurlbourne4z@aol.com,201-409-4350,Huifa,,China,328
Nicoline,Pinckard,Female,6/1/2025,25,npinckard50@wikipedia.org,950-500-4038,Coutada,Viana do Castelo,Portugal,400
Brittany,Muehle,Female,12/31/2024,74,bmuehle51@booking.com,448-571-6587,Puerto Berrío,,Colombia,349
Reid,Jerrems,Male,4/1/2025,37,rjerrems52@europa.eu,884-513-7186,Zhamao,,China,2
Andromache,Trevascus,Female,3/24/2025,67,atrevascus53@marketwatch.com,693-419-1855,Karítsa,,Greece,412
Alethea,Masdon,Female,6/3/2025,78,amasdon54@angelfire.com,635-291-1199,Longshe,,China,391
Vivianna,Memmory,Female,2/12/2025,87,vmemmory55@qq.com,812-847-3844,Ust’-Omchug,,Russia,386
Loralee,Gaskill,Female,2/14/2025,35,lgaskill56@harvard.edu,625-482-4429,Guangping,,China,424
Jephthah,Berrisford,Male,6/19/2025,91,jberrisford57@ameblo.jp,992-230-5988,Ciela Lebak,,Indonesia,203
Henry,Howis,Male,9/11/2024,27,hhowis58@a8.net,947-582-9457,Benhao,,China,282
Marie,Panting,Female,10/6/2024,32,mpanting59@zdnet.com,631-538-9727,Heiiyugou,,China,143
Monty,Lally,Male,2/2/2025,91,mlally5a@home.pl,984-579-6445,Casimiro de Abreu,,Brazil,299
Rhett,Hogbin,Male,8/23/2025,33,rhogbin5b@vinaora.com,485-959-0610,Cali,,Colombia,375
Davon,Probets,Male,7/4/2025,63,dprobets5c@thetimes.co.uk,325-265-8522,Avaré,,Brazil,443
Carmine,Muge,Male,7/20/2025,66,cmuge5d@timesonline.co.uk,544-251-0886,Bodø,Nordland,Norway,395
Etan,Pirazzi,Male,10/23/2024,20,epirazzi5e@fc2.com,987-807-8223,Mithi,,Pakistan,356
Odetta,Boodle,Female,3/31/2025,37,oboodle5f@harvard.edu,634-950-9098,Gorbatov,,Russia,106
Benito,Purslow,Male,12/18/2024,92,bpurslow5g@upenn.edu,302-346-3683,Kandahār,,Afghanistan,42
Sherill,Verdon,Female,4/21/2025,32,sverdon5h@mysql.com,451-233-5166,Yanglinqiao,,China,467
Meriel,Klimowski,Female,4/27/2025,28,mklimowski5i@tiny.cc,402-349-0460,Xiaosong,,China,489
Jacquie,Bushaway,Female,7/14/2025,57,jbushaway5j@tmall.com,232-819-7649,Naurskaya,,Russia,238
Kimbra,Primak,Female,2/9/2025,80,kprimak5k@shop-pro.jp,848-755-2979,Luar,,Indonesia,154
Cass,Shakespear,Female,4/23/2025,84,cshakespear5l@theguardian.com,507-338-1521,Rochester,Minnesota,United States,423
Huberto,Van Rembrandt,Male,2/14/2025,21,hvanrembrandt5m@msn.com,811-720-2226,Nanfeng,,China,104
Dale,Bettenson,Female,8/19/2025,82,dbettenson5n@netvibes.com,511-705-6419,Olhão,Faro,Portugal,460
Paton,Spedding,Male,6/28/2025,20,pspedding5o@chicagotribune.com,695-463-6638,Kim Sơn,,Vietnam,313
Linnea,Swettenham,Female,7/20/2025,36,lswettenham5p@accuweather.com,196-454-7934,Camagüey,,Cuba,278
Joaquin,Jamson,Male,12/28/2024,44,jjamson5q@unc.edu,746-601-6418,"Villa Presidente Frei, Ñuñoa, Santiago, Chile",,Chile,93
Frannie,Dillway,Male,2/3/2025,73,fdillway5r@tumblr.com,267-748-2416,Trancas,,Argentina,41
Misha,Moston,Female,8/4/2025,77,mmoston5s@sfgate.com,541-508-3138,Lingmen,,China,9
Teodoro,Trahar,Male,2/14/2025,29,ttrahar5t@bigcartel.com,366-395-7329,Baochang,,China,129
Colette,Keepence,Female,6/15/2025,69,ckeepence5u@reddit.com,429-334-9273,Dahuang,,China,244
Alex,Toomer,Male,7/4/2025,43,atoomer5v@myspace.com,920-111-6599,Wangbuzhuang,,China,10
Yolande,Mawne,Female,7/21/2025,25,ymawne5w@huffingtonpost.com,841-577-1201,Firenze,Toscana,Italy,286
Gerhard,Cutler,Male,7/2/2025,71,gcutler5x@google.fr,531-675-8325,Otorohanga,,New Zealand,98
Nicola,Krystof,Female,11/17/2024,22,nkrystof5y@digg.com,612-631-0195,Nantes,Pays de la Loire,France,346
Roi,Saben,Male,12/21/2024,99,rsaben5z@admin.ch,681-751-4469,Sterlitamak,,Russia,18
Bryna,Chuney,Non-binary,10/12/2024,38,bchuney60@time.com,919-676-2252,Duanshen,,China,153
Ancell,Matterson,Male,8/18/2025,42,amatterson61@netscape.com,490-104-6612,Taiping,,China,383
Harley,Battrum,Male,12/28/2024,60,hbattrum62@ifeng.com,167-369-8918,Bykov,,Russia,324
Fred,Antonsen,Genderqueer,11/25/2024,48,fantonsen63@bloglines.com,538-194-7560,Shuanglong,,China,96
Nickolas,Wingfield,Male,4/3/2025,88,nwingfield64@aol.com,418-286-9013,Claremorris,,Ireland,8
Stephanus,Garnar,Male,5/18/2025,38,sgarnar65@ezinearticles.com,625-388-0870,Naukšēni,,Latvia,336
Bernetta,Barkway,Female,12/12/2024,41,bbarkway66@scientificamerican.com,288-723-9814,Ponoka,Alberta,Canada,200
Andonis,Hanrott,Male,6/11/2025,81,ahanrott67@xrea.com,646-553-6892,Hexi,,China,42
Ware,Cobleigh,Male,1/16/2025,73,wcobleigh68@wix.com,155-924-7761,Delães,Braga,Portugal,490
Nelie,Thrower,Non-binary,9/3/2024,68,nthrower69@chronoengine.com,753-982-3270,Porangatu,,Brazil,210
Juliann,Duberry,Female,2/23/2025,78,jduberry6a@answers.com,416-696-5772,Hulu,,China,77
Leodora,Elleray,Female,10/10/2024,28,lelleray6b@fastcompany.com,646-156-3244,Matatiele,,South Africa,95
Gorden,Kirckman,Male,12/12/2024,50,gkirckman6c@ehow.com,257-308-6566,Nanhuatang,,China,335
Dennie,Checchi,Female,4/15/2025,55,dchecchi6d@phoca.cz,400-184-8341,Novosineglazovskiy,,Russia,481
Reggi,Gatchel,Female,9/21/2024,43,rgatchel6e@merriam-webster.com,741-531-7308,Bernal,,Peru,47
Ladonna,Bengtsen,Female,2/7/2025,61,lbengtsen6f@feedburner.com,473-947-4602,San Luis Ixcán,,Guatemala,307
Banky,Snasel,Male,6/14/2025,26,bsnasel6g@theglobeandmail.com,317-468-6617,Ardee,,Ireland,43
Hendrick,Lowater,Male,7/19/2025,57,hlowater6h@joomla.org,176-682-5194,Itápolis,,Brazil,118
Reamonn,Butt,Male,10/7/2024,80,rbutt6i@drupal.org,204-983-1433,Zhaogezhuang,,China,62
Randell,Braisher,Male,2/7/2025,48,rbraisher6j@yale.edu,143-607-2505,Buenavista,Mexico,Mexico,132
Bernardine,Ramshay,Female,7/16/2025,72,bramshay6k@a8.net,435-827-8524,Sabadell,Cataluna,Spain,499
Bartholemy,Simonard,Polygender,2/8/2025,72,bsimonard6l@canalblog.com,183-998-3674,Outeiro,Viseu,Portugal,283
Ivonne,Rizzardi,Female,7/27/2025,91,irizzardi6m@joomla.org,880-720-6544,Dondon,,Haiti,324
Renaldo,Busfield,Male,2/21/2025,68,rbusfield6n@yellowbook.com,203-697-5304,Aravissós,,Greece,167
Emilia,Torricina,Female,4/4/2025,88,etorricina6o@typepad.com,924-674-8467,Gokwe,,Zimbabwe,283
Ardra,Sackey,Female,5/20/2025,97,asackey6p@nifty.com,654-999-6476,Marabahan,,Indonesia,369
Keelby,Satford,Male,9/1/2024,70,ksatford6q@mayoclinic.com,453-624-4375,Asen,,Bulgaria,189
Dirk,Tranter,Male,3/29/2025,76,dtranter6r@dion.ne.jp,698-494-5964,Bratsk,,Russia,184
Christine,Sall,Female,11/30/2024,86,csall6s@mediafire.com,234-780-6825,Chemerivtsi,,Ukraine,451
Ros,Bramhill,Female,7/7/2025,56,rbramhill6t@pcworld.com,487-113-9955,Chixi,,China,324
Giffie,Yockley,Male,9/20/2024,80,gyockley6u@tumblr.com,689-219-0797,Esfarāyen,,Iran,347
Gram,Golda,Male,7/25/2025,23,ggolda6v@xrea.com,367-702-2742,Mansa,,Zambia,30
Tootsie,Lentsch,Female,2/22/2025,82,tlentsch6w@timesonline.co.uk,236-513-2608,Lumphăt,,Cambodia,170
Marguerite,Dumbreck,Bigender,4/30/2025,82,mdumbreck6x@huffingtonpost.com,422-500-0524,Chechen-Aul,,Russia,77
Kary,Mitchely,Female,6/20/2025,49,kmitchely6y@tinyurl.com,347-314-2304,Wendengying,,China,62
Vaughn,Becker,Male,5/8/2025,90,vbecker6z@irs.gov,556-848-8685,Mercedes,,Argentina,88
Pegeen,Jancic,Genderfluid,7/4/2025,97,pjancic70@google.co.jp,139-560-5259,Przywidz,,Poland,68
Edvard,Gillbey,Male,5/31/2025,58,egillbey71@infoseek.co.jp,591-675-6260,Grand-Bassam,,Ivory Coast,131
Bucky,Rhymer,Male,12/9/2024,34,brhymer72@t-online.de,491-826-5423,Dawuhan,,Indonesia,111
Min,Maddox,Female,1/5/2025,81,mmaddox73@reddit.com,571-491-5837,Tinambacan,,Philippines,268
Ive,Bosworth,Male,1/11/2025,95,ibosworth74@thetimes.co.uk,139-969-0850,Franca,,Brazil,55
Emera,Gunny,Female,5/10/2025,68,egunny75@1und1.de,438-446-2353,Mentaras,,Indonesia,62
Maureene,Januszewski,Female,6/27/2025,83,mjanuszewski76@google.com.br,566-433-8304,Huangsha,,China,296
Gerald,Renzullo,Agender,3/22/2025,19,grenzullo77@wikispaces.com,207-404-6726,Khvastovichi,,Russia,495
Rolfe,Beddard,Male,10/22/2024,97,rbeddard78@tmall.com,541-291-0871,Guder Lao,,Indonesia,269
Vito,Brownbridge,Male,6/6/2025,30,vbrownbridge79@barnesandnoble.com,331-998-6509,Dalakovo,,Russia,440
Jeddy,Dainter,Male,1/15/2025,23,jdainter7a@taobao.com,335-175-9468,Krzepice,,Poland,330
Nolana,Alltimes,Female,12/15/2024,77,nalltimes7b@clickbank.net,796-881-6031,Targowisko,,Poland,16
Cosme,Overlow,Male,2/15/2025,76,coverlow7c@example.com,347-565-1017,Pustomyty,,Ukraine,276
Caresa,Reeday,Female,9/29/2024,95,creeday7d@msu.edu,636-416-9930,Lupo,,Philippines,301
Beulah,Assante,Female,9/6/2024,72,bassante7e@privacy.gov.au,466-562-3791,Wedoro,,Indonesia,254
Sascha,Kezourec,Female,3/4/2025,92,skezourec7f@howstuffworks.com,535-131-9019,Syrskoye,,Russia,364
Cherie,McKeighen,Female,2/26/2025,27,cmckeighen7g@ebay.co.uk,458-488-8272,Rezovac,,Croatia,75
Stormie,Keary,Female,4/19/2025,26,skeary7h@shutterfly.com,360-642-9826,Dadianzi,,China,467
Dee,Fawcett,Female,5/2/2025,64,dfawcett7i@4shared.com,697-704-9132,Sirdaryo,,Uzbekistan,493
Pinchas,Corstorphine,Male,4/8/2025,20,pcorstorphine7j@acquirethisname.com,159-857-4973,Az Zarbah,,Syria,173
Lyndsie,Ismirnioglou,Female,4/28/2025,65,lismirnioglou7k@hatena.ne.jp,742-135-9217,Bahía Blanca,,Argentina,363
Nolan,Grisdale,Male,12/31/2024,30,ngrisdale7l@discovery.com,609-112-8412,Pak Phanang,,Thailand,163
Edgardo,Hoggins,Male,2/3/2025,56,ehoggins7m@who.int,357-860-2782,Lingdangge,,China,383
Darcee,Gaudin,Female,12/20/2024,31,dgaudin7n@businessweek.com,681-870-0416,Tumcon Ilawod,,Philippines,262
Trudie,Magnay,Female,4/24/2025,74,tmagnay7o@elpais.com,921-978-9786,Cilimus Kulon,,Indonesia,284
Ingram,Longthorn,Male,6/30/2025,36,ilongthorn7p@sina.com.cn,933-573-9158,Pagedangan,,Indonesia,64
Sergio,Sivill,Male,3/15/2025,51,ssivill7q@nih.gov,889-351-9988,Hikkaduwa,,Sri Lanka,427
Granthem,Tregiddo,Bigender,10/22/2024,64,gtregiddo7r@imgur.com,998-863-1691,Jiaomingsi,,China,45
Lemuel,Clem,Male,7/31/2025,70,lclem7s@fda.gov,165-834-7635,Budzów,,Poland,162
Evangelina,McCready,Female,9/2/2024,23,emccready7t@g.co,921-141-2772,Goodlands,,Mauritius,458
Blair,Rupp,Female,6/22/2025,29,brupp7u@washingtonpost.com,361-541-4530,São Pedro,Lisboa,Portugal,340
Nollie,Ulyatt,Male,7/28/2025,31,nulyatt7v@dot.gov,391-866-3661,Carlos Tejedor,,Argentina,176
Diane-marie,Minty,Female,5/24/2025,91,dminty7w@epa.gov,990-128-7920,Banjar Sebual,,Indonesia,178
Theresita,Squirrel,Female,5/30/2025,73,tsquirrel7x@bloomberg.com,579-944-6392,Jambu,,Indonesia,41
Libby,Ebbens,Female,6/5/2025,74,lebbens7y@addtoany.com,908-771-3493,Balboa,,Colombia,321
Colin,Stormes,Male,6/3/2025,89,cstormes7z@shareasale.com,588-350-0071,Vrýses,,Greece,79
Roy,Harcus,Male,10/7/2024,84,rharcus80@over-blog.com,504-613-2717,Kiten,,Bulgaria,252
Francklyn,Oliphant,Male,6/10/2025,76,foliphant81@i2i.jp,595-443-0619,Nalsian Norte,,Philippines,131
Collete,Samet,Female,12/10/2024,41,csamet82@about.me,666-925-3948,Bhawāna,,Pakistan,213
Ellswerth,Rubert,Male,8/30/2025,65,erubert83@bravesites.com,366-260-9095,Puerto Padre,,Cuba,205
Charlotte,Reuther,Female,5/29/2025,92,creuther84@a8.net,768-904-4699,Marādah,,Libya,460
Lauren,Kittredge,Female,5/9/2025,38,lkittredge85@usa.gov,328-732-7206,Rudna Mała,,Poland,287
Sheila-kathryn,O'Spillane,Female,1/5/2025,26,sospillane86@facebook.com,490-631-9828,Longshi,,China,1
Ingeborg,Aikenhead,Female,2/28/2025,83,iaikenhead87@washington.edu,251-885-9707,Hotaka,,Japan,411
Arlyne,Oxbrow,Female,4/25/2025,65,aoxbrow88@disqus.com,107-623-3899,Gambang,,Indonesia,307
Calley,Fuller,Female,7/15/2025,49,cfuller89@theguardian.com,885-480-2028,Armstrong,British Columbia,Canada,256
Eadith,Cregan,Genderfluid,1/19/2025,41,ecregan8a@blogtalkradio.com,628-461-2855,Moravská Nová Ves,,Czech Republic,488
Nathalia,Delagnes,Female,2/10/2025,95,ndelagnes8b@exblog.jp,773-745-8755,San Isidro,,Philippines,224
Clemente,Chatenet,Male,6/30/2025,72,cchatenet8c@deviantart.com,553-114-0806,Taihe,,China,33
Cate,Poynser,Female,4/25/2025,20,cpoynser8d@psu.edu,979-557-1003,Sheshan,,China,77
Conrad,Elden,Male,7/28/2025,82,celden8e@cnet.com,343-485-3661,Pontevedra,,Philippines,424
Dar,Grevel,Male,8/31/2025,94,dgrevel8f@adobe.com,881-766-8021,São José de Ribamar,,Brazil,204
Quintus,Stempe,Male,1/17/2025,76,qstempe8g@facebook.com,703-355-8216,Fontinha,Coimbra,Portugal,53
Kirby,Beseke,Female,12/3/2024,94,kbeseke8h@is.gd,749-324-5153,Zabrušany,,Czech Republic,315
Philippine,Ashcroft,Female,8/10/2025,36,pashcroft8i@printfriendly.com,513-492-6565,Blobo,,Indonesia,294
Leilah,Sim,Female,1/19/2025,96,lsim8j@ucla.edu,709-667-1134,Ostrów Wielkopolski,,Poland,232
Minne,Giorio,Agender,8/28/2025,91,mgiorio8k@rakuten.co.jp,676-506-8620,Krajan Dua Putukrejo,,Indonesia,212
Wadsworth,Peirazzi,Male,9/25/2024,96,wpeirazzi8l@storify.com,503-210-6554,Rundeng,,Indonesia,274
Karrah,Billiard,Female,9/5/2024,73,kbilliard8m@google.com.br,289-451-2239,Desa Margaluyu,,Indonesia,203
Elijah,Penfold,Male,5/15/2025,49,epenfold8n@nyu.edu,291-591-1764,Tepusteca,,Honduras,237
Way,Eva,Male,5/2/2025,31,weva8o@smugmug.com,295-358-4734,Venëv,,Russia,333
Ches,Gocke,Male,3/21/2025,73,cgocke8p@domainmarket.com,222-153-1248,Twyford,England,United Kingdom,54
Virgie,McMeanma,Agender,5/2/2025,20,vmcmeanma8q@furl.net,526-555-4414,Piritiba,,Brazil,296
Jamison,Biasio,Male,9/1/2024,18,jbiasio8r@vimeo.com,464-427-9897,Sho’rchi,,Uzbekistan,190
Cleopatra,Capell,Female,12/12/2024,30,ccapell8s@t.co,621-144-1620,Karangdawa Barat,,Indonesia,212
Berni,Danielli,Female,3/1/2025,41,bdanielli8t@google.com,612-782-8506,Kut Bak,,Thailand,414
Garrik,Sjollema,Male,10/26/2024,38,gsjollema8u@upenn.edu,167-113-7108,Tharyarwady,,Myanmar,69
Afton,Coultar,Female,12/30/2024,51,acoultar8v@com.com,947-517-7566,Glamoč,,Bosnia and Herzegovina,468
Paulita,Ephson,Female,12/13/2024,68,pephson8w@1688.com,166-257-7971,Siwa Oasis,,Egypt,30
Kayley,Stoffers,Female,10/4/2024,70,kstoffers8x@mozilla.org,153-385-6644,Adar,,Morocco,466
Matelda,Dellatorre,Female,9/1/2024,24,mdellatorre8y@delicious.com,223-326-7887,Joyabaj,,Guatemala,362
Juliane,Riggeard,Female,11/23/2024,80,jriggeard8z@amazon.co.uk,890-708-2874,Hassi Berkane,,Morocco,293
Etan,Santora,Male,5/23/2025,87,esantora90@wikipedia.org,696-731-9304,Gaimán,,Argentina,15
Bartram,Crinkley,Male,12/1/2024,39,bcrinkley91@amazonaws.com,100-193-3065,Błaszki,,Poland,296
Consalve,Belson,Male,3/29/2025,53,cbelson92@etsy.com,964-835-9977,Zungeru,,Nigeria,393
Othilie,Kerman,Female,12/22/2024,72,okerman93@nih.gov,645-399-1049,Shihuiqiao,,China,361
Hervey,McElhinney,Male,1/26/2025,36,hmcelhinney94@guardian.co.uk,985-353-7256,Xinhe,,China,389
Lulita,Werlock,Female,10/15/2024,63,lwerlock95@vimeo.com,298-579-4323,Daciyao,,China,463
Kennie,Gladtbach,Male,10/31/2024,99,kgladtbach96@utexas.edu,426-713-8360,Albion,,Mauritius,83
Ekaterina,Bazoche,Female,9/19/2024,94,ebazoche97@discuz.net,691-120-0134,Delicias,,Venezuela,211
Haleigh,Swindles,Polygender,9/30/2024,28,hswindles98@nature.com,102-166-3129,Bressuire,Poitou-Charentes,France,278
Roberto,Hassard,Male,11/18/2024,82,rhassard99@meetup.com,894-195-1618,Tabouda,,Morocco,65
Marris,Bottlestone,Female,2/28/2025,71,mbottlestone9a@qq.com,342-209-4292,Lens,Nord-Pas-de-Calais,France,183
Johna,Abad,Female,3/31/2025,42,jabad9b@about.me,400-396-8050,Energeticheskiy,,Kazakhstan,281
Trudey,Trotter,Female,1/30/2025,60,ttrotter9c@nyu.edu,456-573-4985,San Luis,Coahuila De Zaragoza,Mexico,341
Lana,Mewha,Non-binary,1/28/2025,48,lmewha9d@studiopress.com,719-429-5160,Pueblo,Colorado,United States,25
Florian,Evett,Male,8/16/2025,70,fevett9e@techcrunch.com,215-104-5212,Lichtenburg,,South Africa,252
Devin,Bastock,Female,12/16/2024,86,dbastock9f@youtube.com,365-889-3638,Ladysmith,British Columbia,Canada,188
Titus,Grayne,Male,12/9/2024,49,tgrayne9g@hud.gov,751-758-4219,Ressano Garcia,,Mozambique,200
Lazare,Bakesef,Male,7/26/2025,31,lbakesef9h@skyrock.com,332-804-9192,Pingtan,,China,442
Gwendolen,Stirzaker,Female,2/4/2025,90,gstirzaker9i@cbslocal.com,464-657-7522,Žitenice,,Czech Republic,351
Lemmie,Pickton,Male,1/5/2025,75,lpickton9j@sogou.com,766-720-0816,Sherpur,,Bangladesh,6
Kristofor,Lambertson,Male,3/16/2025,61,klambertson9k@com.com,455-216-3135,Hanyuan,,China,319
Felic,Form,Male,2/3/2025,99,fform9l@alibaba.com,744-605-4698,Saño,,Peru,301
Sophia,Kettleson,Female,6/23/2025,86,skettleson9m@blogspot.com,887-615-5666,Caozhen,,China,224
Rossie,Cann,Male,9/12/2024,30,rcann9n@apache.org,466-475-9278,Sandviken,Gävleborg,Sweden,379
Frazer,Roget,Male,12/25/2024,61,froget9o@geocities.com,708-318-3983,Dashtavan,,Armenia,27
Adolf,Calcut,Male,5/28/2025,69,acalcut9p@comsenz.com,366-949-3515,Xin’an,,China,338
Kristyn,Liddiatt,Female,6/15/2025,78,kliddiatt9q@dyndns.org,118-588-1971,Shilibu,,China,429
Sonnie,Affleck,Male,5/12/2025,32,saffleck9r@chron.com,453-368-6703,Gostyń,,Poland,174
Sayres,Trimming,Male,5/22/2025,36,strimming9s@yellowpages.com,893-517-3898,Barbacena,,Brazil,483
Susette,Gleder,Female,2/6/2025,49,sgleder9t@devhub.com,499-283-5822,Jargalant,,Mongolia,446
Bianka,Blader,Female,2/18/2025,27,bblader9u@de.vu,384-866-4638,Pueblo Nuevo,,Peru,254
Danny,Brewers,Male,5/4/2025,87,dbrewers9v@yahoo.com,933-359-7255,Tanlad,,Philippines,50
Nial,Easen,Male,9/22/2024,90,neasen9w@omniture.com,807-949-6504,Banff,Alberta,Canada,20
Kaleb,Eric,Male,9/20/2024,77,keric9x@nymag.com,896-670-6735,U Minh,,Vietnam,66
Killian,Jacqueminet,Male,1/18/2025,72,kjacqueminet9y@apache.org,402-617-0872,Omaha,Nebraska,United States,161
Rubi,Bome,Female,4/4/2025,60,rbome9z@google.it,600-497-7994,Czarnowąsy,,Poland,23
Julio,Priddie,Male,9/10/2024,67,jpriddiea0@washingtonpost.com,296-385-6915,Mosopa,,Botswana,90
Wilone,Chesterton,Female,4/7/2025,69,wchestertona1@latimes.com,281-350-9075,Luxi,,China,480
Ailbert,Aspall,Male,1/19/2025,63,aaspalla2@bloomberg.com,202-608-1225,Naushahro Fīroz,,Pakistan,312
Gene,Renny,Female,12/5/2024,74,grennya3@rakuten.co.jp,852-424-5345,Ōtsu-shi,,Japan,439
Olenka,Fishpool,Female,6/18/2025,36,ofishpoola4@gmpg.org,446-107-1358,Paungde,,Myanmar,27
Sauveur,Puddefoot,Male,12/5/2024,18,spuddefoota5@weibo.com,753-173-6970,Daixi,,China,225
Mair,Murcutt,Female,12/22/2024,83,mmurcutta6@youku.com,943-332-3400,Nakhodka,,Russia,192
Guillermo,Menlow,Male,12/11/2024,84,gmenlowa7@instagram.com,404-548-2834,Florestópolis,,Brazil,74
Shara,Saylor,Female,4/17/2025,29,ssaylora8@howstuffworks.com,896-734-1772,Dengzhuang,,China,40
Jackie,Brownlea,Female,6/16/2025,83,jbrownleaa9@fema.gov,349-865-4528,Guolemude,,China,277
Boote,Godbehere,Male,4/8/2025,48,bgodbehereaa@microsoft.com,378-288-3130,Sakado,,Japan,243
Brett,Barracks,Female,1/10/2025,90,bbarracksab@eventbrite.com,709-759-0464,Kefar Yona,,Israel,154
Verla,MacCroary,Female,5/14/2025,34,vmaccroaryac@mozilla.org,421-726-2083,Betania,,Colombia,120
Yanaton,Kasper,Male,6/25/2025,93,ykasperad@canalblog.com,741-212-2879,Rio Largo,,Brazil,134
Zelda,Joutapavicius,Female,8/13/2025,21,zjoutapaviciusae@skyrock.com,975-493-7222,Mungui,,Peru,416
Leonerd,Butler-Bowdon,Male,9/12/2024,68,lbutlerbowdonaf@hp.com,398-574-4262,Pawłosiów,,Poland,248
Timoteo,Burhouse,Male,5/25/2025,42,tburhouseag@prnewswire.com,914-387-6719,Az Zarqā,,Egypt,162
West,Ogley,Male,9/5/2024,68,wogleyah@unblog.fr,851-501-4791,Toshkivka,,Ukraine,184
Arleen,Alldis,Female,2/16/2025,96,aalldisai@forbes.com,749-860-2575,Chapultepec,Veracruz Llave,Mexico,179
Maure,Denidge,Agender,10/10/2024,48,mdenidgeaj@bing.com,659-885-5874,Nangela,,Indonesia,53
Brandtr,Wedderburn,Male,11/27/2024,34,bwedderburnak@nationalgeographic.com,239-274-0256,Naples,Florida,United States,164
Ranice,Gerbl,Female,8/4/2025,76,rgerblal@pinterest.com,361-164-8683,Lendava,,Slovenia,179
Betteanne,Renney,Female,8/12/2025,42,brenneyam@plala.or.jp,778-761-2491,Kumalarang,,Philippines,365
Niki,Haine,Non-binary,5/23/2025,32,nhainean@huffingtonpost.com,740-596-9197,Bosen,,Indonesia,249
Pavia,Bachanski,Female,6/4/2025,89,pbachanskiao@nsw.gov.au,828-303-4950,Quintãs,Aveiro,Portugal,182
Rycca,Dyott,Female,11/28/2024,20,rdyottap@liveinternet.ru,928-965-8821,Piraju,,Brazil,99
Pincus,Titcombe,Male,2/6/2025,62,ptitcombeaq@i2i.jp,271-157-0345,Saint-Jean-de-Monts,Pays de la Loire,France,475
Franny,Knowlman,Male,9/5/2024,53,fknowlmanar@yale.edu,987-376-1025,Rovensko pod Troskami,,Czech Republic,394
Chloe,Ingham,Female,2/3/2025,68,cinghamas@ihg.com,130-171-6887,Ash Shāmīyah,,Kuwait,224
Emmalynne,Niesing,Non-binary,7/29/2025,67,eniesingat@patch.com,780-180-1640,Zhalinghu,,China,449
Artemas,Rippingale,Male,8/13/2025,92,arippingaleau@cafepress.com,661-788-1625,Palmdale,California,United States,129
Mildred,Heersma,Female,6/9/2025,38,mheersmaav@1und1.de,557-839-0690,Nelson,British Columbia,Canada,414
Carlita,Berndtssen,Female,11/17/2024,72,cberndtssenaw@google.com.au,456-952-1175,Maruoka,,Japan,133
Tiebout,Oddie,Male,3/13/2025,19,toddieax@cornell.edu,752-906-1088,Tupã,,Brazil,86
Colline,Hully,Female,7/1/2025,59,chullyay@abc.net.au,794-395-7279,Ekibastuz,,Kazakhstan,118
Dareen,Gheorghe,Agender,1/14/2025,96,dgheorgheaz@senate.gov,405-875-9926,Kristinestad,,Finland,232
Bailie,Gobourn,Male,5/26/2025,53,bgobournb0@ebay.co.uk,439-612-7902,Ágio Pnévma,,Greece,42
Page,Pevsner,Non-binary,3/7/2025,43,ppevsnerb1@com.com,422-950-2061,Baota,,China,200
Fee,Arbor,Genderfluid,9/25/2024,43,farborb2@ft.com,573-640-7779,Pahing Pamulihan,,Indonesia,497
Erminie,Top,Female,12/21/2024,47,etopb3@engadget.com,776-427-2386,Jindong,,China,153
Rorke,Tomas,Male,11/12/2024,78,rtomasb4@noaa.gov,697-481-8421,Manay,,Philippines,491
Murry,Gooble,Male,11/29/2024,43,mgoobleb5@cnbc.com,343-104-1109,Ar Riqāmā,,Syria,398
Mavra,Blois,Female,9/10/2024,53,mbloisb6@go.com,599-776-7950,Sobang,,Indonesia,266
Monica,Densell,Female,2/11/2025,81,mdensellb7@privacy.gov.au,793-507-5381,Al Aḩmadī,,Kuwait,195
Monti,Skip,Male,3/4/2025,33,mskipb8@etsy.com,392-330-9607,Pidsandawan,,Philippines,460
Hernando,Padrick,Male,12/6/2024,28,hpadrickb9@sina.com.cn,250-668-1205,Port-au-Prince,,Haiti,437
Francine,Coare,Female,3/24/2025,91,fcoareba@washingtonpost.com,206-999-8049,Sosándra,,Greece,112
Alla,Bernhard,Female,6/10/2025,74,abernhardbb@jimdo.com,324-490-2454,Nyzhni Sirohozy,,Ukraine,230
Brade,Camolli,Male,8/5/2025,44,bcamollibc@opensource.org,781-820-0215,Kuliyapitiya,,Sri Lanka,489
Alon,Bever,Male,7/29/2025,40,abeverbd@ehow.com,780-640-9367,Bech,,Luxembourg,387
Daveta,Owain,Female,9/28/2024,94,dowainbe@skype.com,187-574-9155,Acli,,Philippines,155
Case,MacFadzean,Male,1/12/2025,69,cmacfadzeanbf@usa.gov,971-971-1841,Shāhpur Chākar,,Pakistan,163
Barbe,Ledwidge,Polygender,5/26/2025,85,bledwidgebg@wordpress.org,530-871-7018,Chico,California,United States,339
Cordula,Wheelwright,Female,11/30/2024,37,cwheelwrightbh@sbwire.com,185-865-8229,Padaimut,,Indonesia,208
Rudie,Barca,Male,5/17/2025,44,rbarcabi@issuu.com,334-433-5315,Duobaoshan,,China,409
Bo,Aliman,Genderqueer,12/30/2024,80,balimanbj@kickstarter.com,116-634-7311,Huangji,,China,157
Albie,Clarkson,Male,3/29/2025,37,aclarksonbk@yellowpages.com,261-585-7211,Laxiong,,China,295
Leonora,Currer,Female,9/22/2024,20,lcurrerbl@yahoo.co.jp,443-599-6951,Garoua,,Cameroon,178
Zebadiah,Harcombe,Male,3/2/2025,27,zharcombebm@slate.com,409-216-2040,Bangunharja,,Indonesia,472
Jermaine,Faussett,Female,2/20/2025,31,jfaussettbn@prlog.org,786-178-2527,Borovany,,Czech Republic,432
Dugald,Beams,Male,12/10/2024,41,dbeamsbo@dyndns.org,561-557-0911,Guayabal de Síquima,,Colombia,323
Corissa,Farncomb,Non-binary,8/14/2025,37,cfarncombbp@cargocollective.com,510-299-0278,Kittilä,,Finland,352
Heath,Prewett,Female,6/14/2025,47,hprewettbq@theglobeandmail.com,683-322-3562,Ban Muang,,Thailand,470
Wilona,Ubanks,Genderfluid,2/7/2025,72,wubanksbr@goo.gl,162-387-0997,Şalākhid,,Syria,489
Silvanus,Hulls,Male,1/16/2025,62,shullsbs@virginia.edu,840-187-4978,Zhoupu,,China,189
Ines,McCambridge,Polygender,2/6/2025,69,imccambridgebt@wired.com,538-198-7004,Nyachera,,Uganda,206
Guido,Aymerich,Male,7/29/2025,31,gaymerichbu@oaic.gov.au,450-813-1865,Zhenshan,,China,268
Odette,Calyton,Female,12/6/2024,69,ocalytonbv@vimeo.com,222-691-6816,Dnestrovsc,,Moldova,222
Hedwiga,Bowerbank,Genderqueer,6/23/2025,39,hbowerbankbw@sciencedirect.com,471-332-0082,Qīr Moāv,,Jordan,455
Whittaker,Lasham,Male,9/11/2024,26,wlashambx@github.io,558-869-1796,Yumbo,,Colombia,242
Margo,Moogan,Female,6/5/2025,96,mmooganby@sbwire.com,140-696-9555,Srpska Crnja,,Serbia,370
Rozalin,Bew,Female,11/20/2024,26,rbewbz@cornell.edu,681-750-8785,Taibao,,Taiwan,278
Letitia,Speakman,Female,1/2/2025,54,lspeakmanc0@nature.com,871-838-3083,Mashan,,China,342
Celestine,Mayou,Female,3/8/2025,54,cmayouc1@merriam-webster.com,612-317-6668,Niebocko,,Poland,282
Antonin,Ybarra,Male,4/25/2025,74,aybarrac2@tuttocitta.it,881-114-6937,Oka,Québec,Canada,119
Victor,Shawl,Male,3/8/2025,25,vshawlc3@blinklist.com,837-746-4443,Huanghu,,China,94
Jerri,Aldis,Male,4/24/2025,95,jaldisc4@shutterfly.com,318-390-4272,Shirgjan,,Albania,440
Northrop,McNeigh,Male,7/6/2025,89,nmcneighc5@posterous.com,252-800-9705,Kajaani,,Finland,58
Pete,Hamerton,Male,12/9/2024,73,phamertonc6@a8.net,430-718-8998,Ḑubāh,,Yemen,247
Charlotta,Sikorski,Female,12/10/2024,30,csikorskic7@cpanel.net,991-318-3888,Maiyema,,Nigeria,479
Herbie,Facer,Male,7/8/2025,99,hfacerc8@wiley.com,455-164-6200,Budapest,Budapest,Hungary,35
Erastus,Culwen,Male,10/30/2024,43,eculwenc9@clickbank.net,674-140-6283,Lazdijai,,Lithuania,392
Cleo,Winspurr,Female,1/5/2025,69,cwinspurrca@ustream.tv,463-182-4645,Kallar Kahār,,Pakistan,65
Carling,Smart,Male,4/13/2025,96,csmartcb@mozilla.com,629-433-0979,Bantogon,,Philippines,162
Dyann,Jovanovic,Female,1/3/2025,30,djovanoviccc@epa.gov,408-226-6696,Karang Tengah,,Indonesia,243
Saundra,Rubury,Female,4/19/2025,68,sruburycd@fastcompany.com,409-771-3702,Akashi,,Japan,84
Claudine,Weippert,Female,7/11/2025,27,cweippertce@npr.org,868-538-0201,Canillo,,Andorra,336
Etan,Greger,Male,12/30/2024,41,egregercf@shareasale.com,296-179-5610,Darungan,,Indonesia,50
Moria,Rymer,Genderfluid,6/22/2025,44,mrymercg@nsw.gov.au,981-599-9118,Qukuhu,,China,179
Bogey,Laxtonne,Male,8/1/2025,91,blaxtonnech@shop-pro.jp,813-597-6897,Maswarah,,Yemen,184
Ricki,Fowells,Genderfluid,1/10/2025,88,rfowellsci@elegantthemes.com,440-733-4095,Tyczyn,,Poland,268
Patsy,Lobe,Agender,7/21/2025,38,plobecj@php.net,629-358-0467,Brits,,South Africa,326
Mayer,Steward,Male,7/15/2025,29,mstewardck@sciencedirect.com,430-738-8956,Guiuan,,Philippines,364
Rhody,Brims,Agender,10/16/2024,18,rbrimscl@apple.com,474-815-9581,Wukang,,China,492
Rodolphe,Kilfeder,Male,3/7/2025,25,rkilfedercm@yolasite.com,782-226-5922,Ubajami,,Indonesia,52
Lester,de Werk,Male,2/6/2025,49,ldewerkcn@51.la,138-674-5210,Geldrop,Provincie Noord-Brabant,Netherlands,221
Rina,Gardner,Female,6/14/2025,55,rgardnerco@forbes.com,356-156-3910,Borovany,,Czech Republic,442
Iver,Meek,Male,8/4/2025,57,imeekcp@sohu.com,149-620-9765,Diaopu,,China,50
Pat,Lucks,Male,3/13/2025,30,pluckscq@clickbank.net,847-752-6229,Tonghae,,South Korea,50
Fawnia,Lochead,Female,6/3/2025,34,flocheadcr@paginegialle.it,121-342-9691,Jinhua,,China,374
Otho,Simonite,Male,11/5/2024,24,osimonitecs@wikipedia.org,264-760-1484,Cimuncang,,Indonesia,72
Belvia,Milch,Female,2/26/2025,92,bmilchct@webmd.com,891-599-0849,Bojonglarang,,Indonesia,360
Yank,Friedman,Male,5/8/2025,66,yfriedmancu@hibu.com,948-421-7653,Trang,,Thailand,16
Madella,Peace,Female,8/12/2025,36,mpeacecv@oaic.gov.au,959-707-4545,Lazaro Cardenas,Mexico,Mexico,159
Shay,Sleney,Female,3/21/2025,27,ssleneycw@elegantthemes.com,487-886-8623,Bang Ban,,Thailand,93
Noelani,Moncur,Female,9/21/2024,25,nmoncurcx@samsung.com,431-702-3763,Nabari,,Japan,14
Rochella,Carmody,Female,7/5/2025,42,rcarmodycy@comsenz.com,157-580-6602,Cibeureum Kidul,,Indonesia,79
Sibilla,Cammell,Female,4/5/2025,51,scammellcz@storify.com,902-883-6103,Xishui,,China,339
Ikey,Trevenu,Male,9/29/2024,64,itrevenud0@com.com,738-943-5870,Sioah,,Indonesia,266
Ephraim,Sapp,Male,6/13/2025,23,esappd1@dell.com,362-539-1874,Uurainen,,Finland,256
Johny,Mathet,Male,9/10/2024,72,jmathetd2@ehow.com,181-736-8335,Xinan,,China,40
Farica,McGooch,Female,5/12/2025,29,fmcgoochd3@quantcast.com,212-776-2496,Morales,,Guatemala,153
Min,Aimeric,Female,10/5/2024,48,maimericd4@scientificamerican.com,777-970-5482,Sobral,Lisboa,Portugal,396
Car,Zorzin,Male,10/16/2024,61,czorzind5@hp.com,314-370-1953,Aikmel,,Indonesia,320
Zsa zsa,Biesinger,Female,12/2/2024,23,zbiesingerd6@sciencedaily.com,594-686-8524,Mendes,,Brazil,225
Sanderson,Wenden,Male,12/24/2024,57,swendend7@163.com,547-608-7442,Linköping,Östergötland,Sweden,53
Allen,Seleway,Male,4/3/2025,30,aselewayd8@google.cn,387-848-1571,Heishan,,China,201
Georgi,Hablet,Male,12/20/2024,28,ghabletd9@artisteer.com,919-980-3500,Dijon,Bourgogne,France,211
Riordan,Westerman,Male,11/17/2024,89,rwestermanda@indiegogo.com,866-459-7529,Shiqiao,,China,93
Dorri,Wainer,Female,10/22/2024,61,dwainerdb@mozilla.com,321-794-0553,Bombarral,Leiria,Portugal,434
Merill,Dowears,Male,2/27/2025,47,mdowearsdc@uiuc.edu,148-597-5951,Shiozawa,,Japan,280
Yankee,Albany,Male,9/9/2024,26,yalbanydd@weebly.com,495-830-7883,Dikirnis,,Egypt,425
Dannye,Rowden,Female,10/13/2024,94,drowdende@kickstarter.com,169-199-1155,Libertad,,Philippines,323
Diego,Harsnipe,Male,10/1/2024,47,dharsnipedf@example.com,423-411-8872,Darenzhuang,,China,70
Valle,Scouse,Male,10/21/2024,78,vscousedg@netvibes.com,754-753-3395,Shangma,,China,484
Gilbert,Schoolcroft,Male,5/4/2025,74,gschoolcroftdh@nba.com,202-852-5782,Washington,District of Columbia,United States,239
Jewel,Legier,Female,12/6/2024,62,jlegierdi@wikimedia.org,434-479-4207,Liangshan,,China,277
Dominga,Rizzardini,Female,7/24/2025,99,drizzardinidj@istockphoto.com,774-187-1682,Mulyoagung,,Indonesia,468
Oren,Gouge,Male,2/27/2025,51,ogougedk@nasa.gov,658-308-7338,Kefar Yona,,Israel,150
Lauraine,Rochell,Female,5/13/2025,62,lrochelldl@ovh.net,674-353-7594,Pigcawayan,,Philippines,326
Rollie,Egglestone,Male,11/2/2024,72,regglestonedm@intel.com,976-803-4853,Az Ziyārah,,Syria,471
Lonnie,Pibworth,Female,4/30/2025,20,lpibworthdn@who.int,328-354-6173,Sorodot,,Indonesia,486
Austin,Bonafant,Female,6/5/2025,75,abonafantdo@archive.org,664-238-8756,Sokodé,,Togo,346
Alexine,Workes,Female,8/8/2025,78,aworkesdp@smugmug.com,653-573-0416,Alpedrinha,Castelo Branco,Portugal,28
Tracy,Ivanchin,Male,4/23/2025,91,tivanchindq@blogspot.com,226-127-2314,Thị Trấn Mường Khến,,Vietnam,365
Germana,Levensky,Female,12/30/2024,47,glevenskydr@cargocollective.com,692-308-6667,Jammāl,,Tunisia,275
Cristian,Skitteral,Male,3/14/2025,91,cskitteralds@addtoany.com,672-601-1507,Yên Lập,,Vietnam,128
Jo,Slowley,Female,7/21/2025,36,jslowleydt@example.com,161-718-6159,Cimrutu,,Indonesia,295
Lemmy,Bayfield,Male,4/14/2025,74,lbayfielddu@icq.com,269-185-5590,Castleknock,,Ireland,132
Obed,Beavors,Male,3/17/2025,39,obeavorsdv@simplemachines.org,323-732-8649,Liqi,,China,154
