First Name,Last Name,Gender,Birthdate,Age,Email,Phone,City,State,Country,Bib Number
Jeth,Edmonds,Male,2/21/1947,24,jedmonds0@facebook.com,571-240-2128,Liuqiao,,China,12
Knox,Emburey,Male,11/15/1959,84,kemburey1@printfriendly.com,539-721-1500,Huangling,,China,98
Henrie,Hanton,Female,7/2/1962,20,hhanton2@soundcloud.com,433-852-5955,El Corozal,,Honduras,60
Drugi,Allanson,Male,11/13/1944,54,dallanson3@usgs.gov,617-917-4641,Safotu,,Samoa,425
Harwell,Maylor,Male,7/8/1928,97,hmaylor4@telegraph.co.uk,249-908-5750,Kut Bak,,Thailand,477
Budd,Pairpoint,Male,10/17/1932,91,bpairpoint5@patch.com,606-214-8551,Salcedo,,Dominican Republic,298
Wilhelmina,Dagless,Female,10/22/1943,29,wdagless6@gmpg.org,607-743-2362,Achadinha,Ilha de São Miguel,Portugal,25
Camila,Brien,Female,4/20/1949,57,cbrien7@twitter.com,724-244-4379,Hariang,,Indonesia,106
Colly,Raincin,Female,12/23/1930,51,craincin8@tinyurl.com,378-176-6355,Créteil,Île-de-France,France,61
Berty,Ragsdall,Male,4/2/1964,58,bragsdall9@dropbox.com,578-813-6293,Ksour Essaf,,Tunisia,67
Corney,Normavill,Male,10/23/2004,64,cnormavilla@nbcnews.com,410-550-4443,Karangpocok,,Indonesia,34
Brantley,Markson,Male,3/19/1986,33,bmarksonb@google.pl,219-383-5465,Khánh Hải,,Vietnam,369
Ralina,Branchett,Female,12/10/1954,72,rbranchettc@devhub.com,700-164-5862,Bagacay,,Philippines,219
Drew,Rathjen,Male,12/29/1955,23,drathjend@webnode.com,154-505-6365,Hưng Yên,,Vietnam,140
Edy,Hoyles,Female,12/4/2003,93,ehoylese@ucla.edu,327-199-8821,Cisarap,,Indonesia,18
Freeman,Dunklee,Male,1/14/1992,68,fdunkleef@is.gd,505-438-1217,Tengjia,,China,19
Aldis,Chatin,Male,3/11/1933,80,achating@photobucket.com,931-838-7658,Chum Phae,,Thailand,52
Merissa,Congram,Female,3/10/1944,68,mcongramh@forbes.com,613-931-6008,Chã Grande,,Brazil,186
Audra,McGuffie,Female,4/26/1990,88,amcguffiei@msn.com,882-278-2040,Frederiksberg,Region Hovedstaden,Denmark,460
Constantine,Kinnon,Male,1/23/1969,26,ckinnonj@dot.gov,774-983-1134,Xinzhou,,China,36
Ruddie,Grammer,Male,4/27/1934,62,rgrammerk@addthis.com,850-252-3346,Komenda,,Slovenia,475
Bobbe,Whitelaw,Female,4/3/1975,36,bwhitelawl@nydailynews.com,799-403-3057,Yong’an,,China,123
Julio,Johnson,Male,4/3/1994,66,jjohnsonm@indiegogo.com,419-632-7067,Wosai,,China,88
Demetrius,Rolance,Male,2/20/1951,75,drolancen@gnu.org,520-171-1857,Wafang,,China,288
Chelsey,Drivers,Female,8/29/1931,96,cdriverso@symantec.com,514-999-1766,Larache,,Morocco,466
Britta,Hadlow,Female,8/19/1947,85,bhadlowp@typepad.com,770-196-3495,Shangcunba,,China,154
Gram,Panas,Male,6/22/1938,85,gpanasq@123-reg.co.uk,588-254-9517,Blatnica,,Bosnia and Herzegovina,69
Mace,Van Dijk,Male,12/26/1944,65,mvandijkr@tinyurl.com,172-211-7054,Bacolod,,Philippines,285
Damara,Ticic,Female,6/9/1957,81,dticics@europa.eu,806-942-2028,Tānsen,,Nepal,326
Guthrie,Quarmby,Male,4/12/2005,59,gquarmbyt@sitemeter.com,809-994-9781,Pueblo Nuevo,,Peru,30
Jerome,Huckerby,Male,1/27/1955,81,jhuckerbyu@t-online.de,295-390-5063,Emiliano Zapata,Veracruz Llave,Mexico,368
Stillmann,Furminger,Male,7/6/1971,33,sfurmingerv@bigcartel.com,100-774-6267,Mae Hi,,Thailand,53
Lanie,Wellen,Male,6/3/1982,19,lwellenw@unblog.fr,805-861-8879,Indralayang,,Indonesia,270
Pascale,Calken,Male,9/11/1989,63,pcalkenx@fastcompany.com,101-795-4026,Yutou,,China,227
Toni,Rusk,Female,8/20/1941,65,trusky@shop-pro.jp,493-950-5831,Qijia,,China,453
Kenton,Aucourte,Male,8/15/1985,35,kaucourtez@aboutads.info,488-789-1110,Vondrozo,,Madagascar,302
Chrisse,Ruseworth,Male,11/15/1926,99,cruseworth10@webs.com,672-570-3780,Cikarang,,Indonesia,416
Kort,Lacky,Male,8/30/1995,40,klacky11@live.com,328-892-6187,Pedregal,,Panama,324
Klemens,Goodayle,Male,4/30/1970,85,kgoodayle12@php.net,838-268-4926,Hanau,Hessen,Germany,152
Ranice,MacDermid,Female,8/26/1978,55,rmacdermid13@skype.com,934-158-5154,Yanjiatai,,China,111
Corinne,Keinrat,Female,9/21/1969,29,ckeinrat14@ted.com,832-191-1729,Moutfort,,Luxembourg,467
Holly-anne,Greig,Female,2/8/1996,89,hgreig15@linkedin.com,271-187-4632,Solosolo,,Samoa,313
Fredi,Burhill,Female,1/10/1952,84,fburhill16@senate.gov,645-889-4652,Kihurio,,Tanzania,133
Angeli,Diess,Male,11/2/1985,54,adiess17@wufoo.com,637-131-1877,Conselheiro Lafaiete,,Brazil,407
Harald,Ralfe,Male,10/16/1940,95,hralfe18@hp.com,279-320-8204,Şalākhid,,Syria,289
Hetty,Ellacombe,Female,12/3/1952,83,hellacombe19@nytimes.com,720-180-0246,Kubangsari,,Indonesia,177
Darius,Clarricoates,Male,10/4/1928,33,dclarricoates1a@businessweek.com,383-129-3782,Cergy-Pontoise,Île-de-France,France,130
Grete,Beasant,Female,7/9/1976,85,gbeasant1b@google.co.uk,870-516-3241,Jablonec nad Jizerou,,Czech Republic,35
Lonnie,Chichgar,Male,12/24/1933,93,lchichgar1c@cbc.ca,936-186-0821,Qingjiang,,China,467
Vassily,Lafee,Male,11/9/1940,54,vlafee1d@mediafire.com,106-488-4545,Suvorovskaya,,Russia,303
Alisun,Newbold,Female,6/6/1934,59,anewbold1e@un.org,639-981-2241,Bayt ‘Ūr at Taḩtā,,Palestinian Territory,460
Brook,Kelberman,Female,8/12/1935,76,bkelberman1f@quantcast.com,598-940-1495,Vân Đình,,Vietnam,485
Annmaria,Lowdes,Female,10/13/1958,22,alowdes1g@ow.ly,651-601-3728,Langnga,,Indonesia,354
Dulce,Nelthorp,Female,7/12/1934,61,dnelthorp1h@slideshare.net,910-124-4470,Kaum,,Indonesia,67
Yale,Village,Male,4/7/1958,93,yvillage1i@newsvine.com,899-948-8519,Duodaoshi,,China,475
Thedrick,Usherwood,Male,6/18/2003,62,tusherwood1j@people.com.cn,129-638-9824,Tajerouine,,Tunisia,215
Nomi,Spatoni,Female,11/14/1968,84,nspatoni1k@hao123.com,637-734-6680,Sayama,,Japan,196
Andriana,O'Calleran,Female,2/12/1940,74,aocalleran1l@cbslocal.com,649-143-1626,Monkayo,,Philippines,110
Danella,Prandy,Female,10/29/1931,94,dprandy1m@usa.gov,305-404-8242,Klenčí pod Čerchovem,,Czech Republic,295
Kendra,Cristoforetti,Female,5/17/1981,69,kcristoforetti1n@i2i.jp,510-441-3593,Poponcol,,Indonesia,40
Manny,Fatkin,Male,4/22/1958,51,mfatkin1o@gmpg.org,443-295-5424,Yantang,,China,431
Thebault,Paumier,Male,10/16/2000,49,tpaumier1p@army.mil,739-865-8733,Apartadó,,Colombia,152
Thaxter,Le Estut,Male,5/7/1971,92,tleestut1q@altervista.org,727-173-2424,Tëploye,,Russia,384
Rafe,Strathe,Male,4/20/1951,60,rstrathe1r@skype.com,364-757-3816,Ash Shajarah,,Syria,318
Anderea,Bartod,Female,4/22/1960,25,abartod1s@yahoo.co.jp,841-236-5152,Mansôa,,Guinea-Bissau,116
Lavena,Cains,Female,11/18/1972,22,lcains1t@t.co,680-308-2601,Peterhof,,Russia,264
Bailey,Oke,Male,7/9/1953,28,boke1u@disqus.com,280-611-1499,Tegalwero,,Indonesia,362
Melosa,Hawket,Female,7/8/1947,67,mhawket1v@hao123.com,275-383-7142,Shorapani,,Georgia,161
Theodosia,Attwell,Female,7/9/1966,61,tattwell1w@noaa.gov,708-587-4245,Siemiechów,,Poland,5
Skelly,Van der Hoeven,Male,5/7/1939,20,svanderhoeven1x@sourceforge.net,162-435-8377,Sorokino,,Russia,392
Zandra,Schistl,Female,12/8/1970,30,zschistl1y@wired.com,956-842-5653,Bindang,,Indonesia,242
Nikita,Marrington,Male,1/1/1969,28,nmarrington1z@weather.com,611-720-0841,Kurayoshi,,Japan,60
Frankie,Birtley,Male,8/13/1996,68,fbirtley20@drupal.org,425-672-1006,Vostochnyy,,Russia,312
Atlante,Nelle,Female,12/12/1997,42,anelle21@elegantthemes.com,759-967-4224,Nyala,,Sudan,317
Shane,Adanet,Male,1/24/1991,31,sadanet22@joomla.org,223-554-9918,Shanling,,China,345
Aurore,Paulich,Female,10/16/1957,51,apaulich23@cyberchimps.com,700-243-0541,San Marcos,,Guatemala,254
Carley,Milland,Female,6/5/1983,56,cmilland24@theglobeandmail.com,823-123-3703,Huaqiao,,China,310
Sheena,Listone,Female,11/21/1967,34,slistone25@mozilla.com,608-612-0121,Ḩalabjah,,Iraq,382
Corrie,Kleinstub,Male,9/4/1929,95,ckleinstub26@merriam-webster.com,958-798-5775,Corga,Viana do Castelo,Portugal,331
Jimmy,Alldred,Male,9/24/1989,80,jalldred27@zimbio.com,888-782-9693,Österbybruk,Uppsala,Sweden,336
Shannen,Larver,Female,5/8/1935,58,slarver28@yolasite.com,129-956-0899,Crasto,Porto,Portugal,366
Cariotta,Spaduzza,Female,5/16/1944,48,cspaduzza29@ocn.ne.jp,642-410-1351,Ia Kha,,Vietnam,32
Berk,Maudlin,Male,12/11/1977,68,bmaudlin2a@cbslocal.com,588-599-5070,Annan,,China,368
Fawnia,Cardow,Female,5/30/1942,79,fcardow2b@simplemachines.org,113-688-1143,Velingrad,,Bulgaria,193
Sergei,Delyth,Male,6/6/1936,58,sdelyth2c@blog.com,504-417-3867,Kadujajar,,Indonesia,135
Moise,Hearnden,Male,4/13/2000,75,mhearnden2d@mozilla.com,742-264-1069,Bulag,,Mongolia,142
Saunder,Girvin,Male,6/27/1952,18,sgirvin2e@mtv.com,903-918-9505,Grabovci,,Croatia,53
Cesya,Boggon,Female,7/8/1972,99,cboggon2f@woothemes.com,842-269-8799,Czarna Dąbrówka,,Poland,105
Karel,Fehner,Female,7/28/1989,68,kfehner2g@howstuffworks.com,917-128-5165,Bronx,New York,United States,284
John,Sickamore,Male,9/24/2004,73,jsickamore2h@accuweather.com,180-431-0278,Sambirobyong,,Indonesia,67
Shelton,Heugh,Male,11/14/1988,41,sheugh2i@infoseek.co.jp,614-322-0456,Erfangping,,China,460
Beryle,Lent,Female,2/2/1961,85,blent2j@geocities.jp,316-651-4247,Pandangan Kulon,,Indonesia,445
Arlee,Gini,Female,3/2/2005,91,agini2k@jiathis.com,123-417-1207,Karajeun,,Indonesia,223
Laurianne,Henrichsen,Female,11/22/1932,60,lhenrichsen2l@cbc.ca,500-528-7785,Manhumirim,,Brazil,369
Dewey,Garken,Male,2/14/1933,62,dgarken2m@facebook.com,725-376-7607,Málaga,,Colombia,23
Marcelle,Morphey,Female,3/31/1943,32,mmorphey2n@topsy.com,882-948-7048,Kowala,,Poland,355
Nikki,Hucks,Female,5/13/1939,95,nhucks2o@ucsd.edu,752-232-9466,Longos,,Philippines,215
Shelley,Minto,Female,4/13/1971,46,sminto2p@issuu.com,982-601-8222,Dingyan,,China,289
Christy,Baudins,Male,6/5/1964,61,cbaudins2q@reference.com,658-453-3825,Savonranta,,Finland,14
Edwin,MacCarter,Male,4/3/1994,23,emaccarter2r@vimeo.com,506-933-6548,Providencia,,Peru,253
Rosemaria,Core,Female,5/22/1969,93,rcore2s@china.com.cn,328-437-9007,Velké Meziříčí,,Czech Republic,217
Wilfrid,Turfitt,Male,1/3/1953,46,wturfitt2t@mapquest.com,937-219-0118,Igbaras,,Philippines,392
Luz,Sherborn,Female,2/15/1981,53,lsherborn2u@mit.edu,535-771-8639,Baizhang,,China,211
Lammond,Pettisall,Male,9/28/1992,60,lpettisall2v@chicagotribune.com,210-919-7454,Neuilly-sur-Seine,Île-de-France,France,243
Tasha,Friedank,Female,12/25/1994,99,tfriedank2w@washingtonpost.com,217-239-9508,Yiqian,,China,17
Valentijn,Gallamore,Male,11/18/1963,54,vgallamore2x@desdev.cn,184-964-6576,Korogan Timur,,Indonesia,243
Neille,Young,Female,1/3/1971,52,nyoung2y@apache.org,603-559-3358,Wangdian,,China,356
Aksel,Cicetti,Male,6/2/1973,20,acicetti2z@comsenz.com,168-931-0529,Sandakan,Sabah,Malaysia,43
Brantley,Heigl,Male,11/5/1958,47,bheigl30@huffingtonpost.com,699-849-8776,Przemków,,Poland,281
Liv,Truce,Female,10/29/1935,73,ltruce31@nps.gov,230-855-8472,Būsh,,Egypt,49
Laina,Crace,Female,9/2/1935,65,lcrace32@disqus.com,189-605-5272,Tafí Viejo,,Argentina,201
Sylvan,Fandrich,Male,3/13/1927,77,sfandrich33@ehow.com,435-561-4088,Kasiyan,,Indonesia,233
Lucie,Cade,Female,8/9/1963,85,lcade34@ucla.edu,971-176-1805,San Juan de Dios,,Costa Rica,223
Nelson,St. Ledger,Male,3/17/2004,42,nstledger35@slideshare.net,575-477-3129,Kablukan,,Indonesia,141
Gabbie,Burges,Female,3/28/1966,35,gburges36@upenn.edu,606-779-5485,Thames,,New Zealand,348
D'arcy,Gostage,Male,11/20/1939,78,dgostage37@naver.com,804-259-7181,Milot,,Haiti,159
Bonita,How,Female,3/5/1948,96,bhow38@unesco.org,401-884-3884,Maungatapere,,New Zealand,25
Monika,Montfort,Female,8/4/1951,90,mmontfort39@marketwatch.com,131-917-4664,Yanling,,China,140
Maridel,Tayspell,Female,11/2/1946,58,mtayspell3a@odnoklassniki.ru,250-937-7682,Gadang,,Indonesia,450
Cathie,Haddeston,Female,4/6/1963,85,chaddeston3b@pbs.org,526-946-1449,Provins,Île-de-France,France,419
Nancy,O'Geneay,Female,10/14/1944,26,nogeneay3c@goo.gl,825-166-5002,Ungaran,,Indonesia,236
Amara,Sebastian,Female,4/3/1978,42,asebastian3d@unc.edu,494-197-2030,Le Mans,Pays de la Loire,France,163
Brock,Goulthorp,Male,3/2/1980,22,bgoulthorp3e@businesswire.com,943-688-8041,Ryglice,,Poland,310
Ignatius,McKag,Male,6/22/1966,82,imckag3f@google.ru,333-994-7603,Angoram,,Papua New Guinea,195
Anabal,Bonnavant,Female,8/13/1956,51,abonnavant3g@imdb.com,704-816-6548,Árgos,,Greece,213
Even,Mathiassen,Male,11/28/1992,92,emathiassen3h@sphinn.com,207-990-2244,Mainit,,Philippines,145
Rufe,Fricke,Male,1/28/1976,78,rfricke3i@nature.com,612-570-0963,Saint Paul,Minnesota,United States,86
Gawain,Orwin,Male,9/20/1945,26,gorwin3j@toplist.cz,712-512-3122,Caxias do Sul,,Brazil,367
Carlos,Exell,Male,2/1/1982,79,cexell3k@etsy.com,348-639-6500,Zengji,,China,134
Gerianna,Schiementz,Female,7/23/1982,53,gschiementz3l@people.com.cn,451-245-5618,Huanshan,,China,271
Amos,Arnison,Male,1/5/1957,69,aarnison3m@alibaba.com,900-265-1594,Ndjolé,,Gabon,403
Devonna,Rielly,Female,11/17/1965,96,drielly3n@samsung.com,314-412-5169,Divichibazar,,Azerbaijan,325
Alika,Probbing,Female,6/3/2002,81,aprobbing3o@go.com,147-907-2788,Formosa do Rio Preto,,Brazil,188
Jephthah,Avard,Male,1/25/1951,33,javard3p@live.com,131-390-3881,Sinarbakti,,Indonesia,381
Jamesy,Stanion,Male,2/13/1933,80,jstanion3q@scientificamerican.com,375-482-1585,Ban Houakhoua,,Laos,466
Yul,Brandsma,Male,9/20/1944,66,ybrandsma3r@dailymail.co.uk,180-163-5577,Czarna Dąbrówka,,Poland,387
Lamond,Truitt,Male,1/23/1970,47,ltruitt3s@so-net.ne.jp,103-620-9758,Yoiqag,,China,2
Darb,Chantillon,Male,10/20/1965,23,dchantillon3t@behance.net,759-294-8432,Klobuky,,Czech Republic,498
Gustavo,Southorn,Male,8/14/1980,55,gsouthorn3u@mysql.com,129-569-3290,Fuyong,,China,437
Sigvard,Sibbe,Male,6/11/1942,89,ssibbe3v@ezinearticles.com,718-679-8593,Pombas,,Cape Verde,390
Aharon,Chasmor,Male,8/23/1982,40,achasmor3w@vistaprint.com,831-400-9880,Wete,,Tanzania,27
Tamas,Tromans,Male,8/6/1984,74,ttromans3x@privacy.gov.au,213-171-2610,Diamante,,Argentina,310
Calhoun,Allanson,Male,10/15/1944,80,callanson3y@microsoft.com,546-500-1467,Galátsi,,Greece,486
Arie,Olivella,Male,3/25/1968,78,aolivella3z@deviantart.com,769-160-9398,Aného,,Togo,83
Alexa,Fitzroy,Female,5/27/1966,85,afitzroy40@goo.gl,825-184-4127,Cavadas,Aveiro,Portugal,177
Crawford,Fairlam,Male,12/12/2000,70,cfairlam41@jiathis.com,202-237-6747,Washington,District of Columbia,United States,409
Keslie,Pimer,Female,11/24/1949,70,kpimer42@opensource.org,968-360-2834,Los Arcos,,Philippines,169
Layne,Jarrard,Female,12/13/1950,29,ljarrard43@redcross.org,142-306-1061,Siemkowice,,Poland,474
Krishnah,Tuffley,Male,1/1/1990,31,ktuffley44@etsy.com,515-103-9691,Kotovs’k,,Ukraine,135
Rania,Grimsditch,Female,10/20/1971,24,rgrimsditch45@cnn.com,545-710-1882,Sukamaju,,Indonesia,151
Simonette,Gallienne,Female,5/29/1969,21,sgallienne46@behance.net,149-436-2728,Miao’ertan,,China,260
Constantina,Have,Female,9/16/1950,37,chave47@boston.com,882-615-9886,Hehe,,China,89
Inigo,Bayly,Male,11/25/1967,97,ibayly48@storify.com,225-758-3875,Qagan Obo,,China,211
Damien,Boich,Male,8/4/1980,18,dboich49@ucla.edu,582-982-4370,Shaykh al Ḩadīd,,Syria,473
Robinett,Sier,Female,3/1/1934,93,rsier4a@about.com,251-262-1374,Kamuli,,Uganda,364
Inigo,Gockeler,Male,10/27/2000,42,igockeler4b@acquirethisname.com,120-499-5542,Teslić,,Bosnia and Herzegovina,170
Den,Siburn,Male,2/19/2000,21,dsiburn4c@slate.com,489-409-8857,Hucheng,,China,443
Heath,Selcraig,Male,9/29/1979,63,hselcraig4d@seattletimes.com,701-728-6746,Sudoměřice,,Czech Republic,201
Maxie,Antognelli,Female,4/22/1979,42,mantognelli4e@amazon.co.uk,463-962-5381,Svatava,,Czech Republic,253
Seamus,Welbrock,Male,12/10/2004,55,swelbrock4f@statcounter.com,184-181-3475,Cipaku,,Indonesia,134
Arnold,Dilawey,Male,9/18/1994,82,adilawey4g@paypal.com,215-232-8737,Horten,Vestfold,Norway,267
Davidson,Muncey,Male,9/8/1991,36,dmuncey4h@aboutads.info,500-493-3858,Staré Město,,Czech Republic,153
Theadora,Orrice,Female,3/1/1934,99,torrice4i@issuu.com,103-764-4664,Séléa,,Comoros,379
Cinnamon,Evett,Female,9/18/1959,87,cevett4j@gmpg.org,703-637-8054,Song,,Thailand,500
Renado,Mor,Male,6/26/1962,27,rmor4k@vistaprint.com,948-562-8753,Takahata,,Japan,320
Kathlin,Earpe,Female,9/18/1926,23,kearpe4l@hhs.gov,308-972-4204,Wiśniewo,,Poland,489
Rogerio,Starzaker,Male,2/7/1953,73,rstarzaker4m@infoseek.co.jp,247-369-6763,Jomsom,,Nepal,108
Gwendolin,Burney,Female,4/1/1938,78,gburney4n@mac.com,442-990-8833,Tanjiaqiao,,China,23
Felike,Matcham,Male,12/22/1946,50,fmatcham4o@artisteer.com,322-546-0306,Cap Malheureux,,Mauritius,427
Consuela,Rouch,Female,12/14/1966,48,crouch4p@nytimes.com,457-767-9980,Tomay Kichwa,,Peru,413
Priscilla,Fibbens,Female,8/6/1989,67,pfibbens4q@who.int,524-169-3268,Baiyangwan,,China,229
Xerxes,Denmead,Male,1/1/1927,19,xdenmead4r@howstuffworks.com,469-689-5254,Biała,,Poland,143
Bruis,Paulusch,Male,10/17/1980,83,bpaulusch4s@state.tx.us,186-453-4559,Tsalgar,,Mongolia,83
Arlin,Heed,Male,6/28/1966,99,aheed4t@squarespace.com,971-456-0649,Hanyuan,,China,156
Nona,Gilhool,Female,8/8/1989,62,ngilhool4u@dot.gov,267-502-9721,Bayonne,Aquitaine,France,368
Sheelah,Keepe,Female,10/14/1940,97,skeepe4v@telegraph.co.uk,261-227-7771,Sandaohezi,,China,441
Benjy,Elvy,Male,12/25/1979,76,belvy4w@infoseek.co.jp,515-129-3128,Krzynowłoga Mała,,Poland,95
Iorgo,Biddell,Male,12/23/1961,95,ibiddell4x@ucla.edu,404-943-1715,Atlanta,Georgia,United States,44
Oswald,Abyss,Male,4/30/1953,83,oabyss4y@quantcast.com,375-534-5005,Širvintos,,Lithuania,442
Cornell,Babin,Male,8/25/1938,24,cbabin4z@github.io,471-606-5430,Autun,Bourgogne,France,371
Marty,Major,Female,5/15/1950,66,mmajor50@china.com.cn,756-573-2935,Nakhon Phanom,,Thailand,259
Rick,Oxlee,Male,9/13/1985,80,roxlee51@e-recht24.de,127-154-0387,Xingren,,China,110
Rhianon,Dun,Female,2/25/1957,44,rdun52@zdnet.com,769-984-0673,Xiancun,,China,265
Irv,Hurtado,Male,12/11/1950,74,ihurtado53@livejournal.com,657-405-7311,Ishikawa,,Japan,395
Israel,Schuck,Male,9/18/1998,88,ischuck54@discovery.com,892-635-8313,Lugait,,Philippines,94
Carline,Melsome,Female,4/30/1947,56,cmelsome55@noaa.gov,453-206-2956,Rambouillet,Île-de-France,France,35
Annabel,Skym,Female,1/11/1975,45,askym56@arstechnica.com,539-309-9872,Prantaan,,Indonesia,104
Caitrin,Flather,Female,11/2/1951,32,cflather57@army.mil,501-328-9216,Daya,,China,328
Georgine,Heggadon,Female,4/24/1972,81,gheggadon58@cbslocal.com,345-799-2563,Hongwei,,China,102
Aviva,Waszczykowski,Female,12/17/1994,32,awaszczykowski59@rambler.ru,221-690-7360,Alta,Finnmark,Norway,239
Ave,Belvin,Male,6/28/1928,26,abelvin5a@xinhuanet.com,107-620-9892,Novaya Chigla,,Russia,333
Margie,Corwin,Female,4/29/1963,45,mcorwin5b@ezinearticles.com,773-448-5781,Vazante,,Brazil,482
Elfreda,Dolton,Female,4/17/1932,91,edolton5c@indiegogo.com,360-648-2869,Khlong Hat,,Thailand,496
Malinde,Purvis,Female,5/13/1994,78,mpurvis5d@salon.com,496-728-9701,Ulichnoye,,Ukraine,85
Edsel,Clemencet,Male,4/15/1960,43,eclemencet5e@soundcloud.com,477-980-1664,Sungaigerong,,Indonesia,360
Toby,Berford,Female,7/10/1977,36,tberford5f@java.com,637-437-7793,Juuka,,Finland,296
Hallsy,Doyland,Male,9/2/1943,81,hdoyland5g@paypal.com,140-580-7933,Ohrid,,Macedonia,8
Valenka,Ghelardoni,Female,7/18/1934,44,vghelardoni5h@163.com,875-439-1780,Zhongxing,,China,488
Blaine,Vanichkov,Male,11/1/1980,97,bvanichkov5i@nasa.gov,315-945-9173,Shenjing,,China,134
Way,Pammenter,Male,2/6/1939,66,wpammenter5j@un.org,285-392-7514,Sete Cidades,Ilha de São Miguel,Portugal,166
Odelinda,Geertsen,Female,11/2/1949,42,ogeertsen5k@nsw.gov.au,610-351-1696,Shumikhinskiy,,Russia,337
Malchy,Climie,Male,2/18/1945,57,mclimie5l@prlog.org,561-188-0486,San Agustin,,Philippines,334
Denise,Boscott,Female,3/6/1975,60,dboscott5m@hostgator.com,992-591-6923,Kuching,Sarawak,Malaysia,61
Edgar,Ferrarini,Male,1/14/1932,91,eferrarini5n@nifty.com,297-309-1907,El Banco,,Colombia,16
Gregorius,Tabord,Male,11/7/1994,78,gtabord5o@bbc.co.uk,863-803-7835,Wulongshan,,China,211
Maryjane,Findley,Female,10/13/1982,35,mfindley5p@exblog.jp,948-610-2893,Banaybanay,,Philippines,69
Claus,Garretts,Male,8/13/1996,90,cgarretts5q@dailymail.co.uk,188-723-0672,Hengli,,China,107
Cos,Mulran,Male,2/23/1943,20,cmulran5r@behance.net,392-931-3962,Uijeongbu-si,,South Korea,358
Alaster,Ashfield,Male,6/9/1993,67,aashfield5s@smh.com.au,946-101-6770,Xiaopingba,,China,184
Dev,Ziehms,Male,1/1/1940,61,dziehms5t@tumblr.com,990-751-7579,Kibonsod,,Philippines,30
Abelard,Stammirs,Male,9/13/1983,33,astammirs5u@tamu.edu,465-755-2945,Nyagla,,China,387
Farlie,Gong,Male,9/10/1987,99,fgong5v@creativecommons.org,187-725-6126,Pasararba,,Indonesia,13
Jen,Hawe,Female,6/9/1999,77,jhawe5w@desdev.cn,154-191-9958,Butigui,,Philippines,198
Louis,Swoffer,Male,6/15/1944,27,lswoffer5x@g.co,844-740-8169,Gangshangji,,China,171
Red,Bottomore,Male,5/14/2000,65,rbottomore5y@gnu.org,256-670-4487,Sunzhen,,China,272
Chelsey,Sobtka,Female,1/1/1942,55,csobtka5z@skyrock.com,303-609-4935,Canoinhas,,Brazil,190
Jessica,Batram,Female,7/20/1958,91,jbatram60@angelfire.com,606-655-4789,Manalu,,Indonesia,411
Lilith,De Meis,Female,1/31/1984,97,ldemeis61@mapy.cz,473-399-8209,Argalastí,,Greece,43
Sherlocke,Kernermann,Male,9/5/1928,93,skernermann62@yahoo.com,537-807-1032,Kamenica,,Kosovo,172
Spike,Jurca,Male,3/27/1941,24,sjurca63@cyberchimps.com,927-833-1248,Belos Ares,Porto,Portugal,253
Paul,Wigin,Male,8/4/1941,57,pwigin64@paginegialle.it,269-518-3885,Huanren,,China,97
Francisco,Hounsham,Male,5/20/1999,90,fhounsham65@psu.edu,427-376-7735,Nam Som,,Thailand,172
Asher,Colgrave,Male,9/28/1969,54,acolgrave66@wordpress.org,886-859-9778,Chochkan,,Armenia,332
Debra,Faldoe,Female,5/11/1931,24,dfaldoe67@hostgator.com,747-408-6648,Vällingby,Stockholm,Sweden,268
Elyn,Sanpher,Female,7/11/1975,91,esanpher68@ebay.co.uk,188-399-8002,Vygonichi,,Russia,238
Minnaminnie,Sagg,Female,10/13/1961,45,msagg69@wikia.com,389-738-6703,Cielądz,,Poland,347
Noell,Medcalfe,Female,7/16/1985,79,nmedcalfe6a@people.com.cn,449-787-6041,Tianxingchang,,China,372
Nady,Kitchin,Female,5/10/1997,59,nkitchin6b@exblog.jp,267-338-0719,Thị Trấn Yên Phú,,Vietnam,71
Hughie,Blamphin,Male,6/30/1936,67,hblamphin6c@diigo.com,281-704-9731,Stockholm,Stockholm,Sweden,97
Gilberte,Rylands,Female,12/30/2000,26,grylands6d@uol.com.br,952-329-9444,Líbano,,Colombia,393
Noby,Hartzenberg,Male,10/9/1962,69,nhartzenberg6e@princeton.edu,175-113-7634,Tinambacan,,Philippines,356
Forrester,Shakesby,Male,8/5/1970,18,fshakesby6f@umn.edu,750-512-3295,Rivera,,Uruguay,205
Roberto,Hansod,Male,11/25/1937,80,rhansod6g@netvibes.com,664-580-9265,Staryye Atagi,,Russia,467
Selene,Ineson,Female,9/11/1978,23,sineson6h@networkadvertising.org,677-368-6782,Kaytitinga,,Philippines,398
Zorana,Pearcehouse,Female,6/7/1983,61,zpearcehouse6i@gov.uk,984-551-2933,Votkinsk,,Russia,81
Sharon,Snel,Female,6/21/1954,85,ssnel6j@dyndns.org,691-575-6207,Utajärvi,,Finland,171
Letti,Teasell,Female,9/1/1998,23,lteasell6k@yellowbook.com,803-331-5964,Saint-Fargeau-Ponthierry,Île-de-France,France,197
Arney,Vlasenko,Male,2/25/1990,51,avlasenko6l@sbwire.com,258-376-3753,Gōdo,,Japan,2
Shanta,Luty,Female,11/8/1956,61,sluty6m@soundcloud.com,594-979-4422,Xiaqiao,,China,313
Christiano,Morriss,Male,7/30/1978,93,cmorriss6n@nps.gov,192-508-2840,Parizh,,Russia,373
Elia,Gottschalk,Male,6/9/1965,74,egottschalk6o@indiegogo.com,657-556-4658,Mulan,,China,215
Lauren,Chimienti,Male,7/26/1985,50,lchimienti6p@amazon.de,871-478-7941,Keli,,China,206
Janelle,Brundill,Female,1/3/1946,61,jbrundill6q@reference.com,849-547-2597,Quirinópolis,,Brazil,103
Tandie,Fishleigh,Female,9/6/1998,51,tfishleigh6r@npr.org,192-228-9350,Gävle,Gävleborg,Sweden,265
Anabelle,Pallaske,Female,11/22/1935,62,apallaske6s@illinois.edu,339-751-8772,Grebnevo,,Russia,247
Dorie,Skill,Male,2/22/1930,71,dskill6t@merriam-webster.com,417-232-7202,Tyrnyauz,,Russia,425
Barnaby,Livezley,Male,5/24/1986,52,blivezley6u@friendfeed.com,341-887-8639,Capanema,,Brazil,377
Alistair,Large,Male,10/21/1934,85,alarge6v@accuweather.com,214-126-0989,Cisarap,,Indonesia,22
Torre,Spehr,Male,2/2/1982,24,tspehr6w@altervista.org,254-605-9549,Pingshan,,China,297
Biron,Balleine,Male,1/2/1983,67,bballeine6x@123-reg.co.uk,962-174-5573,Peso da Régua,Vila Real,Portugal,307
Magda,O'Doherty,Female,5/11/1999,34,modoherty6y@scribd.com,564-636-9663,Vylkove,,Ukraine,99
Shurlock,Behling,Male,6/30/1959,77,sbehling6z@photobucket.com,639-404-8326,Guanmian,,China,494
Marget,Dignam,Female,12/20/2002,96,mdignam70@smugmug.com,375-928-6904,Rennes,Bretagne,France,273
Truda,McGoon,Female,3/21/1963,71,tmcgoon71@parallels.com,610-673-2389,Huafeng,,China,1
Adham,Franzetti,Male,4/23/1941,50,afranzetti72@icio.us,341-984-2613,Libon,,Philippines,462
Shandy,Carlucci,Female,7/18/1953,54,scarlucci73@washington.edu,266-430-1863,Hongqi,,China,499
Kathryn,Bruyntjes,Female,2/7/1980,22,kbruyntjes74@purevolume.com,372-230-2305,Mayo,,Philippines,339
Roth,Cranmore,Male,6/2/1929,72,rcranmore75@yale.edu,995-111-5366,Viejo Daan Banua,,Philippines,230
Melisande,Ellcock,Female,1/26/1959,31,mellcock76@loc.gov,421-514-9556,Brinje,,Croatia,352
Charlie,Howsley,Male,11/29/1939,95,chowsley77@amazon.com,136-498-4146,Al Jarrāḩī,,Yemen,252
Alasdair,Quoit,Male,7/8/1957,38,aquoit78@cyberchimps.com,622-167-7358,Madaoua,,Niger,167
Alfy,Skipton,Male,1/3/1980,73,askipton79@ca.gov,638-593-3313,Jangkungkusumo,,Indonesia,111
Gloriana,Cantos,Female,8/22/1980,83,gcantos7a@dyndns.org,323-900-1890,Sumberagung,,Indonesia,204
Laverna,Tebbitt,Female,6/10/1942,28,ltebbitt7b@ftc.gov,672-775-3693,Lauro de Freitas,,Brazil,325
Giraldo,Shovell,Male,8/4/1965,74,gshovell7c@joomla.org,810-775-2210,Casal Novo,Leiria,Portugal,357
Claudette,Rappoport,Female,10/10/1993,27,crappoport7d@elpais.com,359-554-0899,Xinkai,,China,225
Aidan,Murdoch,Female,6/20/1956,54,amurdoch7e@photobucket.com,263-947-0837,Saint Hubert,,Mauritius,246
Ryan,Muckeen,Male,10/5/1944,20,rmuckeen7f@dropbox.com,562-483-9970,Lushikeng,,China,40
Bank,Orpyne,Male,8/25/1972,47,borpyne7g@addtoany.com,252-408-1368,Ozatlán,,El Salvador,176
Franni,Raysdale,Female,4/28/1932,59,fraysdale7h@sina.com.cn,932-727-8744,Igoumenítsa,,Greece,119
Hillard,Strong,Male,8/31/1984,28,hstrong7i@google.ru,728-674-9584,Duas Igrejas,Bragança,Portugal,335
Candide,Carvill,Female,2/2/2002,46,ccarvill7j@va.gov,108-253-0745,Serere,,Uganda,37
Lynne,Sneyd,Female,1/29/1938,94,lsneyd7k@surveymonkey.com,548-525-2086,Ibiporã,,Brazil,56
Pet,Caudrey,Female,1/3/1927,58,pcaudrey7l@nps.gov,501-280-0102,Besuki Dua,,Indonesia,64
Filmer,Rosenhaupt,Male,3/28/1939,22,frosenhaupt7m@csmonitor.com,804-926-9479,Compostela,,Philippines,18
Harriot,Topper,Female,9/11/1975,87,htopper7n@rediff.com,474-903-1831,Ręczno,,Poland,58
Aubrey,Trahmel,Male,8/1/1984,21,atrahmel7o@vistaprint.com,525-729-7701,Shevchenkove,,Ukraine,348
Tory,Coit,Female,8/1/2003,21,tcoit7p@indiatimes.com,415-677-8055,Portobelo,,Panama,347
Helaina,Parnby,Female,10/16/1960,20,hparnby7q@ibm.com,316-509-1598,Wichita,Kansas,United States,357
Bartram,Bosward,Male,1/22/1996,32,bbosward7r@abc.net.au,683-248-3820,Kozhevnikovo,,Russia,164
Patten,Lowder,Male,10/2/1931,59,plowder7s@economist.com,137-805-7470,Fengyi,,China,455
Shelby,Freschini,Female,10/8/1970,24,sfreschini7t@usatoday.com,198-616-4505,Esigodini,,Zimbabwe,369
Shauna,Wych,Female,2/12/1978,68,swych7u@cam.ac.uk,949-325-7495,Dayeuhluhur,,Indonesia,142
Garnette,Bruineman,Female,2/10/1939,78,gbruineman7v@diigo.com,728-696-1815,Baracatan,,Philippines,452
Langston,Mitchelson,Male,7/23/1970,72,lmitchelson7w@webnode.com,417-664-2824,Springfield,Missouri,United States,142
Rebecca,Baldung,Female,6/22/1962,89,rbaldung7x@blogger.com,360-218-3069,Villa Bisonó,,Dominican Republic,166
Tawnya,Micklewright,Female,12/20/1932,50,tmicklewright7y@yahoo.com,423-157-7484,Nizhniy Kislyay,,Russia,251
Quintina,Mollnar,Female,6/5/1956,20,qmollnar7z@wordpress.com,871-867-8155,Makato,,Philippines,241
Marcelo,Morrel,Male,8/20/2004,67,mmorrel80@php.net,535-771-6484,Phúc Yên,,Vietnam,90
Glad,Hugh,Female,2/22/1933,58,ghugh81@istockphoto.com,223-869-7942,Guiniculalay,,Philippines,439
Caril,Durston,Female,8/31/1978,73,cdurston82@twitter.com,515-425-4469,San Marcos de Colón,,Honduras,288
Tabbitha,Tait,Female,7/8/1962,85,ttait83@google.ca,584-433-9747,El Ingenio,,Peru,135
Romy,Patnelli,Female,10/7/1960,36,rpatnelli84@aol.com,503-300-4472,Portland,Oregon,United States,27
Marlowe,Tomasini,Male,10/27/1967,86,mtomasini85@blog.com,643-288-7347,Dabao,,China,469
Archaimbaud,Twinbrow,Male,12/5/1969,64,atwinbrow86@google.co.uk,586-991-9852,Nantes,Pays de la Loire,France,371
Benoite,Neachell,Female,6/5/1986,71,bneachell87@cloudflare.com,557-134-0945,Narawayong,,Indonesia,405
Muire,Aguirrezabal,Female,8/25/1974,81,maguirrezabal88@slashdot.org,812-163-2296,Changle,,China,361
Osborn,Dandie,Male,2/13/1927,31,odandie89@comcast.net,702-656-4137,Jhang Sadr,,Pakistan,291
Billie,Ciccottini,Female,7/23/1929,96,bciccottini8a@reddit.com,556-494-6038,Daykitin,,Philippines,42
Craig,Santer,Male,8/7/1988,68,csanter8b@weebly.com,907-205-9445,Shiraoi,,Japan,360
Kippy,McElwee,Male,5/26/1986,31,kmcelwee8c@cargocollective.com,743-280-4191,Petropavlivka,,Ukraine,66
Russell,Kennet,Male,6/10/1946,19,rkennet8d@desdev.cn,240-406-0319,Vangaindrano,,Madagascar,261
Carlynne,Le Fleming,Female,11/27/1978,66,clefleming8e@xinhuanet.com,749-879-6723,Melong,,Cameroon,5
Chip,Larmuth,Male,1/5/1979,20,clarmuth8f@prnewswire.com,902-712-2009,Semerak,,Indonesia,224
Clarey,Hillock,Female,1/26/1940,70,chillock8g@youtube.com,961-176-8831,Pa Kham,,Thailand,103
Rhetta,Galliver,Female,2/13/1944,68,rgalliver8h@slate.com,178-217-7319,Na Di,,Thailand,348
Keene,Gronw,Male,2/15/1945,87,kgronw8i@friendfeed.com,262-691-7399,Itaúna,,Brazil,104
Dominica,Gatesman,Female,9/3/1984,43,dgatesman8j@google.com.br,805-956-6971,Hoboksar,,China,483
Erin,Rosenhaus,Male,7/16/1927,21,erosenhaus8k@wufoo.com,863-849-8238,Nueva Cajamarca,,Peru,317
Boote,Giorgioni,Male,4/4/1977,34,bgiorgioni8l@slashdot.org,821-904-1002,Lidköping,Västra Götaland,Sweden,93
Onfroi,Sondland,Male,4/5/1950,35,osondland8m@pcworld.com,175-654-7448,Skarbimierz Osiedle,,Poland,61
Emelen,Meineking,Male,5/10/1982,31,emeineking8n@google.fr,925-371-6186,Jiuxian,,China,208
Zacherie,Aldham,Male,4/7/1975,19,zaldham8o@weibo.com,256-194-3931,Janeng,,Botswana,126
Donalt,Forge,Male,11/26/1959,34,dforge8p@de.vu,302-687-5319,Meijiang,,China,343
Roger,Saxby,Male,1/17/1978,91,rsaxby8q@globo.com,199-711-8092,Saint-Pierre,Réunion,Reunion,205
Carlynn,Duguid,Female,6/22/1945,44,cduguid8r@nbcnews.com,424-334-4613,Chornobay,,Ukraine,365
Merry,Connaughton,Female,2/28/2004,19,mconnaughton8s@sbwire.com,212-128-7315,Babakanjaya,,Indonesia,205
Rodrigo,Stuther,Male,11/6/1949,69,rstuther8t@jugem.jp,546-772-9680,Hōjō,,Japan,200
Judy,Grigorio,Female,1/21/1975,93,jgrigorio8u@craigslist.org,556-650-6244,Nyachera,,Uganda,414
Ermanno,McAlindon,Male,7/20/1971,42,emcalindon8v@tripod.com,615-914-9787,Shirone,,Japan,103
Rube,Kelledy,Male,6/6/1991,68,rkelledy8w@blogger.com,852-989-1263,El Bolsón,,Argentina,249
Zach,Tyrrell,Male,4/26/1978,84,ztyrrell8x@linkedin.com,464-592-4787,San Pedro de Atacama,,Chile,402
Allin,Hadlington,Male,12/3/2001,20,ahadlington8y@tinyurl.com,239-947-7946,Xinli,,China,21
Myer,Denley,Male,7/26/1989,46,mdenley8z@cam.ac.uk,566-262-8484,Purwokerto,,Indonesia,328
Geri,Oakey,Female,7/10/1964,77,goakey90@hibu.com,393-656-2370,Ourentã,Coimbra,Portugal,127
Bearnard,Wickstead,Male,7/1/1989,89,bwickstead91@google.com.br,677-825-0805,Zhaxi,,China,355
Mandy,Dewes,Female,1/29/1959,62,mdewes92@stanford.edu,865-251-3725,Dulyapino,,Russia,179
Marla,Dunbobbin,Female,11/4/1964,21,mdunbobbin93@bing.com,954-121-5560,Shebekino,,Russia,196
Normie,Shilstone,Male,9/16/1952,77,nshilstone94@dailymotion.com,902-547-7792,Stebnyk,,Ukraine,64
Granny,Boxen,Male,3/8/1995,56,gboxen95@hao123.com,868-847-5300,Nastola,,Finland,115
Clywd,Isoldi,Male,4/13/2002,58,cisoldi96@loc.gov,262-865-5239,Nong Khae,,Thailand,84
Matilde,Warby,Female,10/5/1939,42,mwarby97@ask.com,366-724-9792,Gradec,,Macedonia,474
Aile,Collcott,Female,1/19/1938,81,acollcott98@elegantthemes.com,318-814-6253,Fontenay-sous-Bois,Île-de-France,France,55
Ernst,Gulc,Male,5/24/1943,27,egulc99@list-manage.com,611-299-7231,"Palmas De Gran Canaria, Las",Canarias,Spain,435
Darcie,Pull,Female,4/28/1982,76,dpull9a@mapquest.com,375-482-1132,Hroznětín,,Czech Republic,313
Pauletta,Haskayne,Female,7/27/1927,44,phaskayne9b@cloudflare.com,210-433-4043,Koanara,,Indonesia,34
Susann,Naire,Female,9/8/1949,40,snaire9c@ow.ly,759-533-0141,Dubiecko,,Poland,455
Brent,Bricham,Male,7/23/1963,86,bbricham9d@deliciousdays.com,960-280-9066,Lávara,,Greece,208
Rosemarie,Devo,Female,7/1/2000,22,rdevo9e@samsung.com,573-909-7651,Tyresö,Stockholm,Sweden,302
Ellerey,Boule,Male,12/7/1932,50,eboule9f@wordpress.org,282-725-9801,Gwio Kura,,Nigeria,52
Ursula,Wilber,Female,6/18/1955,20,uwilber9g@barnesandnoble.com,209-285-8850,Yanglin,,China,462
Brander,Lantuff,Male,11/25/1975,26,blantuff9h@seesaa.net,535-697-9330,Zhuping,,China,242
Gladi,Glanister,Female,6/6/1990,41,gglanister9i@sciencedirect.com,504-752-9092,Bela-Bela,,South Africa,410
Agace,De Antoni,Female,3/21/1928,28,adeantoni9j@auda.org.au,646-417-3020,Pondokdalem,,Indonesia,216
Myrtice,Claiden,Female,5/17/1950,94,mclaiden9k@people.com.cn,722-420-3598,San Carlos,,Chile,347
Ossie,Pedrol,Male,12/20/1977,95,opedrol9l@miitbeian.gov.cn,321-677-2039,Lumsden,Saskatchewan,Canada,255
Carlie,Healing,Female,6/20/1943,54,chealing9m@so-net.ne.jp,928-442-8394,Pagsañgahan,,Philippines,247
Annabella,Rollins,Female,4/15/1934,36,arollins9n@ameblo.jp,902-184-0441,Halayhay,,Philippines,352
Pooh,Josselsohn,Male,8/12/1989,46,pjosselsohn9o@seesaa.net,204-941-5507,Kezileboyi,,China,162
Sunshine,Bleasby,Female,11/19/1994,89,sbleasby9p@xinhuanet.com,816-604-7782,Kupino,,Russia,40
Gothart,Dartan,Male,3/20/1981,57,gdartan9q@flickr.com,213-922-3900,Los Angeles,California,United States,110
Rebe,Quillinane,Female,11/12/1953,57,rquillinane9r@psu.edu,225-614-8135,Pangpang,,Philippines,327
Kelley,Marzellano,Male,12/6/1966,65,kmarzellano9s@dedecms.com,172-336-2183,Shōbara,,Japan,22
Marsha,Stern,Female,11/5/1999,37,mstern9t@tiny.cc,725-403-6207,Berehomet,,Ukraine,41
Lindie,Leynton,Female,4/17/1990,35,lleynton9u@networkadvertising.org,956-290-6903,Axili,,China,124
Cord,Ace,Male,9/28/2000,27,cace9v@weebly.com,550-363-5081,Haramgai,,China,489
Nat,Corston,Female,5/14/1990,56,ncorston9w@macromedia.com,539-626-5446,Naru,,Indonesia,320
Brietta,de Guerre,Female,12/19/1982,82,bdeguerre9x@w3.org,973-742-2790,Libon,,Philippines,24
Misha,Aglione,Female,8/25/1988,49,maglione9y@godaddy.com,371-329-9689,Huating,,China,161
Callean,Draayer,Male,7/16/1976,87,cdraayer9z@nbcnews.com,217-673-6475,Champaign,Illinois,United States,133
Fonzie,Merrill,Male,11/21/1983,76,fmerrilla0@wp.com,918-570-3444,Tulsa,Oklahoma,United States,96
Dev,Perllman,Male,1/11/1964,73,dperllmana1@mozilla.com,979-466-6675,La Jicaral,,Nicaragua,3
Chicky,Dibbin,Female,10/6/1936,82,cdibbina2@cbc.ca,444-503-5324,Pulau Pinang,Pulau Pinang,Malaysia,351
Zita,Larn,Female,8/30/1957,97,zlarna3@topsy.com,911-591-3303,Nunguan,,Philippines,356
Boris,Teaze,Male,2/18/2001,67,bteazea4@paginegialle.it,689-661-4852,Olszówka,,Poland,362
Tanney,Toleman,Male,6/22/1986,95,ttolemana5@goo.ne.jp,240-775-0080,Galveias,Portalegre,Portugal,68
Sampson,Thompson,Male,1/28/1959,24,sthompsona6@ebay.com,847-426-9832,Palatine,Illinois,United States,226
Emmanuel,Berzon,Male,9/8/1940,46,eberzona7@globo.com,775-945-5278,Rodez,Midi-Pyrénées,France,344
Tommi,Muzzillo,Female,1/6/1958,68,tmuzzilloa8@newyorker.com,340-826-3608,Rimbo,Stockholm,Sweden,315
Faber,Lappine,Male,9/25/1954,56,flappinea9@cam.ac.uk,723-262-1628,Luocun,,China,442
Andras,Aulsford,Male,6/28/1952,32,aaulsfordaa@forbes.com,801-759-1052,Iñapari,,Peru,368
Lorrie,Rene,Male,10/5/1978,41,lreneab@ca.gov,552-396-8972,Pondohan,,Indonesia,71
Jodee,Almond,Female,7/18/1973,65,jalmondac@oracle.com,866-667-3109,Pāshmūl,,Afghanistan,445
Ignacio,Stucksbury,Male,1/31/1966,37,istucksburyad@google.it,963-674-3560,Macau,,Brazil,178
Darell,Lugsdin,Female,12/3/1981,71,dlugsdinae@fastcompany.com,713-859-5632,Krasnodon,,Ukraine,384
Eugenio,Reder,Male,12/2/1976,43,erederaf@jiathis.com,719-756-2111,San Isidro,,Philippines,475
Ezri,Sharman,Male,10/5/1979,40,esharmanag@mozilla.com,164-699-4995,Hengpi,,China,139
Steffane,Whitworth,Female,2/8/1928,90,swhitworthah@rediff.com,957-866-8258,Baranovichi,,Belarus,46
Mord,Uebel,Male,6/15/2002,57,muebelai@chicagotribune.com,386-431-9622,Kisanga,,Tanzania,161
Noella,Trouel,Female,1/28/1932,18,ntrouelaj@netscape.com,574-718-9606,Mogoditshane,,Botswana,405
Wain,Alleburton,Male,11/29/1955,21,walleburtonak@barnesandnoble.com,577-537-8419,Angoulême,Poitou-Charentes,France,189
Jacklin,Pavolillo,Female,5/21/1974,70,jpavolilloal@lycos.com,407-893-8238,Taixi,,China,129
Gayleen,Cuff,Female,3/5/1942,89,gcuffam@yahoo.com,847-377-3305,Sa Pá,,Vietnam,77
Loutitia,Stowers,Female,12/13/1951,64,lstowersan@yolasite.com,917-603-1161,Kulunda,,Russia,125
Tybi,Giovanizio,Female,3/28/1988,25,tgiovanizioao@github.com,480-891-7351,Taipingguan,,China,480
Giuditta,Cran,Female,4/9/1939,77,gcranap@zimbio.com,601-420-6589,Chedao,,China,418
Elroy,Hakes,Male,3/24/1994,83,ehakesaq@xing.com,733-465-1241,Maliang,,Indonesia,101
Aldo,Tuke,Male,10/13/1934,98,atukear@auda.org.au,668-802-0159,Changfu,,China,476
Drud,O'Bradain,Male,2/20/1950,40,dobradainas@clickbank.net,438-468-3599,Tubo,,Philippines,326
Heath,Room,Male,7/25/1958,51,hroomat@fastcompany.com,518-526-0244,Verkhozim,,Russia,52
Franciska,Pitford,Female,7/15/1928,87,fpitfordau@amazon.com,548-878-1355,Vyšší Brod,,Czech Republic,103
Nollie,Plowell,Female,2/1/1941,91,nplowellav@tamu.edu,946-557-6193,Lopandino,,Russia,196
Germaine,Anetts,Male,12/23/1932,23,ganettsaw@jimdo.com,124-623-9028,Huangtan,,China,202
Philomena,Hammill,Female,4/18/1950,43,phammillax@so-net.ne.jp,963-804-6089,Sartrouville,Île-de-France,France,201
Donella,Vine,Female,2/12/2003,20,dvineay@unc.edu,762-377-3541,Milove,,Ukraine,366
Tedman,Gulley,Male,5/31/1980,39,tgulleyaz@aboutads.info,944-103-7967,Muruy,,Indonesia,152
Carley,Kraut,Female,1/18/1971,43,ckrautb0@yelp.com,779-244-3190,Heřmanův Městec,,Czech Republic,398
Mal,Turnpenny,Male,11/30/1957,76,mturnpennyb1@youku.com,245-528-3041,Puerto Rico,,Colombia,249
Ingmar,Basketfield,Male,6/22/1946,56,ibasketfieldb2@scientificamerican.com,166-872-8303,Toyokawa,,Japan,292
Nikolaos,McQuode,Male,8/5/1998,25,nmcquodeb3@nyu.edu,878-383-6069,Alistráti,,Greece,494
Corrinne,Vankeev,Female,3/29/1939,49,cvankeevb4@hexun.com,629-805-9851,Sekampung,,Indonesia,367
Archie,O'Dyvoy,Male,1/22/1938,75,aodyvoyb5@disqus.com,737-963-3850,Bruzual,,Venezuela,191
Jessie,Haighton,Male,1/9/1950,18,jhaightonb6@about.com,557-410-8084,Sypniewo,,Poland,367
Hillery,Roja,Male,1/17/1977,60,hrojab7@gizmodo.com,310-301-7274,Bayart Huxu,,China,280
Mercedes,Byars,Female,4/1/1999,35,mbyarsb8@indiegogo.com,668-688-7850,Xinxing,,China,83
Jeniffer,Dawbury,Female,1/29/1975,68,jdawburyb9@joomla.org,350-980-6059,São Sebastião do Paraíso,,Brazil,51
Elysee,Stickells,Female,1/1/1973,49,estickellsba@blogtalkradio.com,914-943-9906,Yonkers,New York,United States,251
Alyda,Savoury,Female,6/25/1954,81,asavourybb@etsy.com,695-406-3170,Dongtou,,China,332
Meggie,Reignolds,Female,1/10/1973,90,mreignoldsbc@ed.gov,425-185-0126,Barranquilla,,Colombia,14
Flem,Wharf,Male,3/21/1955,89,fwharfbd@w3.org,526-570-5912,Champigny-sur-Marne,Île-de-France,France,453
Dud,Thecham,Male,10/2/1973,74,dthechambe@altervista.org,352-970-3600,Taluksangay,,Philippines,407
Petrina,Alejandro,Female,6/21/1988,34,palejandrobf@npr.org,132-160-3435,Amirabad,,Pakistan,62
Lonny,Forsyth,Male,3/31/1973,28,lforsythbg@foxnews.com,612-968-3507,Taraju,,Indonesia,256
Alonzo,Frowd,Male,3/10/2000,81,afrowdbh@123-reg.co.uk,736-827-7825,Tangga,,Indonesia,264
Filippa,Wreakes,Female,8/1/1975,57,fwreakesbi@mozilla.com,386-574-2154,Merdeka,,Indonesia,134
Jodie,Waye,Female,12/31/1954,83,jwayebj@state.gov,715-847-1756,Vyšší Brod,,Czech Republic,466
Ive,Dove,Male,5/12/1967,30,idovebk@bloglovin.com,324-595-0883,Kuantan,Pahang,Malaysia,202
Tricia,Ruecastle,Female,10/2/1990,56,truecastlebl@liveinternet.ru,370-156-5778,San Rafael,,Costa Rica,394
Ardene,Eary,Female,10/8/1965,80,aearybm@yahoo.co.jp,409-641-1423,Refojos,Braga,Portugal,165
Dane,Chander,Male,1/28/1939,43,dchanderbn@dailymail.co.uk,844-116-4474,Canjulao,,Philippines,76
Harland,Ondrousek,Male,11/10/1953,35,hondrousekbo@time.com,142-855-3096,Orvalho,Castelo Branco,Portugal,164
Horten,Olennikov,Male,7/14/1964,96,holennikovbp@amazon.co.jp,590-490-0130,Sibucao,,Philippines,98
Zarah,Rodgers,Female,3/3/1930,51,zrodgersbq@nature.com,788-460-9879,Xinhua,,China,299
Corabella,Aviss,Female,10/8/1952,45,cavissbr@prlog.org,245-775-5031,Moissy-Cramayel,Île-de-France,France,313
Farra,Fidoe,Female,7/1/1957,52,ffidoebs@typepad.com,804-110-3990,Cungkal,,Indonesia,159
Arri,Drinkel,Male,12/17/1973,51,adrinkelbt@ezinearticles.com,846-624-1554,Tabor,,Slovenia,358
Danya,Dew,Female,7/5/1959,47,ddewbu@weebly.com,175-361-1811,Capellanía,,Panama,316
Frankie,Partrick,Female,12/9/1926,75,fpartrickbv@tumblr.com,596-354-3620,Biny Selo,,Azerbaijan,244
Basil,Dukes,Male,5/9/1992,26,bdukesbw@gnu.org,668-225-5822,Būsh,,Egypt,308
Stephanie,Robak,Female,7/17/1933,22,srobakbx@t-online.de,257-254-5263,Chalan Pago-Ordot Village,,Guam,70
Elmira,Maytom,Female,4/10/1957,72,emaytomby@usgs.gov,170-655-5770,Arcos,Viseu,Portugal,401
Carma,Ivanenko,Female,12/15/1991,65,civanenkobz@marketwatch.com,809-187-3956,Al Madān,,Yemen,66
Herman,Firth,Male,6/16/1936,22,hfirthc0@mysql.com,631-466-6596,Cibangban Girang,,Indonesia,13
Mellicent,Woolvett,Female,11/21/1982,51,mwoolvettc1@facebook.com,251-503-6430,Panguruan,,Indonesia,466
Alon,Tomasicchio,Male,7/13/1999,85,atomasicchioc2@printfriendly.com,894-398-4249,Sundsvall,Västernorrland,Sweden,262
Larissa,Cullip,Female,12/12/1980,95,lcullipc3@ox.ac.uk,551-564-9180,Stradbally,,Ireland,133
Phil,Luscott,Male,9/9/1952,95,pluscottc4@wix.com,540-949-7483,Bangker,,Indonesia,351
Ediva,Swett,Female,4/27/1961,52,eswettc5@hibu.com,414-136-9174,Siraway,,Philippines,484
Leslie,Buckle,Male,6/14/1977,55,lbucklec6@senate.gov,851-352-8966,Ashibetsu,,Japan,303
Wang,Macieiczyk,Male,2/14/1951,67,wmacieiczykc7@dion.ne.jp,488-933-6983,Blangpulo,,Indonesia,481
Dougy,Di Carlo,Male,8/24/2000,60,ddicarloc8@dyndns.org,830-437-8147,Yeşilköy,Samsun,Turkey,132
Lynnett,Gland,Female,11/14/1929,71,lglandc9@cmu.edu,969-406-6689,Bayḩān,,Yemen,73
Terese,Royan,Female,10/19/1941,61,troyanca@deviantart.com,587-418-0401,Kikinda,,Serbia,203
Laurianne,Bolzen,Female,4/23/1956,24,lbolzencb@seattletimes.com,290-935-4304,Wesoła,,Poland,460
Gale,Cragg,Male,4/17/1974,44,gcraggcc@virginia.edu,510-491-5301,Lubowidz,,Poland,39
Rici,Cockerill,Female,1/29/1975,48,rcockerillcd@live.com,445-427-3671,Autun,Bourgogne,France,181
Fleming,Pude,Male,3/13/1976,90,fpudece@nsw.gov.au,299-900-1998,Sundbyberg,Stockholm,Sweden,464
Grier,McClosh,Female,5/7/1960,55,gmccloshcf@time.com,451-204-5421,Lukavec,,Czech Republic,149
Valentia,Elsom,Female,9/10/1926,39,velsomcg@symantec.com,930-959-7205,Now Zād,,Afghanistan,364
Munroe,O'Keenan,Male,8/8/1950,82,mokeenanch@google.com.au,601-838-6944,Podedwórze,,Poland,275
Murial,Aubrey,Female,9/13/1962,73,maubreyci@cornell.edu,461-523-7009,Ludvika,Dalarna,Sweden,208
Caldwell,Larrett,Male,10/10/1958,83,clarrettcj@ox.ac.uk,513-672-1794,Koror Town,,Palau,293
Goldina,Raselles,Female,11/8/2003,55,grasellesck@hostgator.com,126-789-3602,Hà Đông,,Vietnam,317
Sena,Huntress,Female,1/1/1969,87,shuntresscl@shinystat.com,104-267-4201,Tumpakkepuh,,Indonesia,253
Janean,Tine,Female,1/21/1935,48,jtinecm@rediff.com,236-218-9949,Toamasina,,Madagascar,484
Gwendolyn,O'Sharkey,Female,6/10/1936,41,gosharkeycn@infoseek.co.jp,713-895-2250,‘Ayn Ḩalāqīm,,Syria,483
Orelle,Dowse,Female,6/9/1987,84,odowseco@gizmodo.com,988-715-5857,Čačinci,,Croatia,367
Toby,Wearing,Male,5/11/1982,88,twearingcp@4shared.com,297-892-9695,Gonābād,,Iran,77
Clare,Vain,Male,6/23/1931,98,cvaincq@uol.com.br,804-726-5880,Naghalin,,Philippines,464
Arabelle,Jope,Female,9/24/1964,93,ajopecr@purevolume.com,345-135-3553,Vërtop,,Albania,438
Bobbie,Kieran,Female,10/4/1964,53,bkierancs@behance.net,529-118-7278,Salegading,,Indonesia,107
Dana,Vasler,Female,10/29/1960,59,dvaslerct@usatoday.com,173-798-8715,Xiangfu,,China,212
Marcus,Vass,Male,6/13/1973,71,mvasscu@purevolume.com,941-492-4051,Changtang,,China,299
Abelard,Scrigmour,Male,3/2/1980,37,ascrigmourcv@ihg.com,198-565-2929,Shibirghān,,Afghanistan,456
Merna,Ripsher,Female,6/27/1950,29,mripshercw@typepad.com,315-337-0791,Praia de Mira,Coimbra,Portugal,281
Brade,Boldra,Male,7/25/1966,55,bboldracx@gmpg.org,447-267-1468,Batakte,,Indonesia,445
Roxi,Tregona,Female,3/22/1957,77,rtregonacy@webs.com,317-103-8419,Santo André,,Brazil,321
Connie,Callander,Male,6/12/1998,49,ccallandercz@marriott.com,958-583-5952,Thị Trấn Hát Lót,,Vietnam,71
Pepillo,Tocknell,Male,2/12/2004,51,ptocknelld0@list-manage.com,670-597-4701,Shuibatang,,China,10
Meggie,Gasticke,Female,6/12/1986,28,mgasticked1@cornell.edu,369-442-8155,Jiuxian,,China,273
Gerti,McCole,Female,7/17/1990,43,gmccoled2@tripod.com,862-997-8196,Beiqi,,China,317
Catha,Gilhool,Female,12/9/1970,50,cgilhoold3@smh.com.au,278-264-4886,Zhongdong,,China,488
Opal,Wedmore.,Female,5/14/1990,80,owedmored4@ebay.com,446-694-4166,Itamaraju,,Brazil,325
Egor,Giorgietto,Male,7/12/1928,39,egiorgiettod5@virginia.edu,929-626-5094,Duzhou,,China,193
Maureene,Girkin,Female,3/11/1989,85,mgirkind6@imdb.com,246-669-0906,Sinait,,Philippines,296
Ada,Micah,Female,11/9/2003,40,amicahd7@uol.com.br,496-438-3153,Cajamarca,,Colombia,226
Peirce,McNirlan,Male,2/15/1927,58,pmcnirland8@wikispaces.com,299-703-7959,Lazaro Cardenas,Guerrero,Mexico,443
Terri,Pettigrew,Male,2/6/1960,99,tpettigrewd9@newyorker.com,543-686-0232,Salem,,Indonesia,359
Nickie,Garrood,Male,9/24/1969,95,ngarroodda@bloglines.com,533-937-4162,Qingshan,,China,14
Gwenette,Snepp,Female,1/2/1986,52,gsneppdb@mediafire.com,592-843-2562,Kalmunai,,Sri Lanka,412
Tybi,Shaefer,Female,1/27/1987,44,tshaeferdc@answers.com,231-327-8101,Ayapel,,Colombia,175
Waiter,Bradtke,Male,4/24/1953,40,wbradtkedd@bloomberg.com,639-676-8233,Armação de Búzios,,Brazil,417
Sayre,Suett,Male,10/15/1993,52,ssuettde@nps.gov,485-668-7537,Sanlei,,China,73
Sutton,Meighan,Male,6/18/1968,20,smeighandf@cargocollective.com,812-593-8247,Suleja,,Nigeria,242
Bruis,Matussov,Male,12/2/1943,20,bmatussovdg@istockphoto.com,708-718-5372,Novoye Leushino,,Russia,62
Edeline,Willimott,Female,11/20/1982,61,ewillimottdh@seattletimes.com,219-956-6110,San Juan Sacatepéquez,,Guatemala,173
Buddie,Bend,Male,3/8/2000,34,bbenddi@squidoo.com,837-461-5544,Kedungdowo,,Indonesia,72
Gian,O'Keenan,Male,7/20/1950,72,gokeenandj@yolasite.com,428-820-4623,Cerro de Pasco,,Peru,86
Andras,Thorrold,Male,5/15/1971,88,athorrolddk@sphinn.com,486-778-9032,Rudnyy,,Kazakhstan,151
Jeremie,Tabour,Male,2/2/1975,89,jtabourdl@hhs.gov,779-937-5342,Åmål,Västra Götaland,Sweden,213
Cori,Dawson,Male,5/27/1937,54,cdawsondm@about.me,744-746-4816,Changbu,,China,480
Bondy,O'Sherin,Male,12/23/1992,31,bosherindn@example.com,807-792-0888,Benhong,,China,61
Gina,Goligly,Female,7/27/1968,73,ggoliglydo@apache.org,602-521-7829,Paurito,,Bolivia,179
Carlen,Husset,Female,11/24/1977,94,chussetdp@army.mil,722-938-7585,Tucupita,,Venezuela,341
Antoinette,Corneil,Female,3/29/1983,48,acorneildq@list-manage.com,443-216-3605,Chase,British Columbia,Canada,223
Harry,Zieme,Male,5/21/1987,23,hziemedr@tmall.com,993-346-8214,Derhachi,,Ukraine,338
Janith,Rhodef,Female,7/15/1978,58,jrhodefds@theglobeandmail.com,805-606-3438,Västervik,Kalmar,Sweden,489
Scotty,Danilenko,Male,12/25/1948,31,sdanilenkodt@columbia.edu,117-115-7839,Karakol,,Kyrgyzstan,18
Friederike,Grayham,Female,7/1/1993,70,fgrayhamdu@wiley.com,693-154-3209,Pogag,,Indonesia,451
Felipa,Peirce,Female,6/25/1994,25,fpeircedv@wp.com,544-859-0844,Shuishaping,,China,298
